id_transacao,data,area,canal,regiao,cliente,responsavel,receita_bruta,desconto,custo,receita_liquida,margem_bruta,margem_percentual,mes
TX-1023,2025-07-01,Operacoes,Direto,Sudeste,Foco Energia,Elisa,17221.78,341.29,12084.6,16880.489999999998,4795.889999999998,0.28410845893691467,2025-07
TX-1013,2025-07-01,Comercial,Digital,Nordeste,Horizonte Tech,Ana,16455.81,696.6,9010.09,15759.210000000001,6749.120000000001,0.4282651224268222,2025-07
TX-1027,2025-07-02,Tecnologia,Digital,Centro-Oeste,Beta Logistica,Felipe,14393.84,1042.36,7750.84,13351.48,5600.639999999999,0.4194770916782259,2025-07
TX-1016,2025-07-02,Operacoes,Direto,Sul,Horizonte Tech,Ana,19427.56,805.38,12944.95,18622.18,5677.23,0.3048638773763329,2025-07
TX-1043,2025-07-02,Comercial,Digital,Sul,Crescer Educacao,Ana,31693.52,870.21,16048.65,30823.31,14774.660000000002,0.4793339845720658,2025-07
TX-1044,2025-07-03,Tecnologia,Direto,Sul,Horizonte Tech,Elisa,20242.4,346.49,11742.99,19895.91,8152.92,0.4097786932088052,2025-07
TX-1045,2025-07-03,Operacoes,Parceiros,Centro-Oeste,Foco Energia,Diego,18351.8,1441.9,11867.17,16909.899999999998,5042.729999999998,0.29821169847249235,2025-07
TX-1015,2025-07-03,Comercial,Parceiros,Sul,Gama Servicos,Felipe,17210.46,1266.7,9289.42,15943.759999999998,6654.339999999998,0.41736328193600497,2025-07
TX-1018,2025-07-03,Operacoes,Parceiros,Nordeste,Alfa Industria,Elisa,17509.17,943.95,10766.66,16565.219999999998,5798.559999999998,0.3500442493368635,2025-07
TX-1006,2025-07-03,Operacoes,Direto,Centro-Oeste,Gama Servicos,Carla,19449.37,1328.15,13034.23,18121.219999999998,5086.989999999998,0.2807200618942874,2025-07
TX-1041,2025-07-04,Comercial,Digital,Sudeste,Delta Varejo,Diego,20094.94,278.87,10981.98,19816.07,8834.09,0.44580433960921617,2025-07
TX-1009,2025-07-04,Comercial,Direto,Centro-Oeste,Evo Saude,Diego,17709.84,761.11,10204.35,16948.73,6744.379999999999,0.397928340353525,2025-07
TX-1050,2025-07-05,Operacoes,Digital,Sudeste,Beta Logistica,Diego,15498.03,841.61,10368.47,14656.42,4287.950000000001,0.29256462355745816,2025-07
TX-1048,2025-07-05,Tecnologia,Digital,Sudeste,Crescer Educacao,Elisa,22532.55,741.88,13543.62,21790.67,8247.049999999997,0.37846702281297445,2025-07
TX-1025,2025-07-06,Comercial,Parceiros,Centro-Oeste,Horizonte Tech,Bruno,18244.14,656.14,10210.44,17588.0,7377.5599999999995,0.41946554468956104,2025-07
TX-1000,2025-07-06,Operacoes,Direto,Nordeste,Horizonte Tech,Elisa,12673.06,888.41,7854.3,11784.65,3930.3499999999995,0.3335143597815802,2025-07
TX-1039,2025-07-06,Operacoes,Parceiros,Nordeste,Crescer Educacao,Ana,23605.27,410.01,16684.1,23195.260000000002,6511.1600000000035,0.280710800396288,2025-07
TX-1038,2025-07-07,Tecnologia,Parceiros,Nordeste,Beta Logistica,Bruno,15917.93,885.6,9980.61,15032.33,5051.719999999999,0.33605701843958985,2025-07
TX-1030,2025-07-08,Comercial,Direto,Centro-Oeste,Gama Servicos,Bruno,26553.49,1891.12,12944.43,24662.370000000003,11717.940000000002,0.4751343848948824,2025-07
TX-1024,2025-07-09,Comercial,Direto,Nordeste,Horizonte Tech,Felipe,22066.61,1343.63,11537.38,20722.98,9185.6,0.4432567130789105,2025-07
TX-1010,2025-07-09,Tecnologia,Parceiros,Centro-Oeste,Beta Logistica,Bruno,21952.66,686.6,13370.36,21266.06,7895.700000000001,0.37128175129760754,2025-07
TX-1005,2025-07-09,Tecnologia,Digital,Sul,Crescer Educacao,Bruno,21590.72,502.26,13134.92,21088.460000000003,7953.540000000003,0.37715129506848777,2025-07
TX-1047,2025-07-10,Operacoes,Direto,Sul,Evo Saude,Bruno,17749.78,351.16,12769.16,17398.62,4629.459999999999,0.26608202259719443,2025-07
TX-1028,2025-07-11,Tecnologia,Parceiros,Centro-Oeste,Alfa Industria,Elisa,24212.81,1550.61,14283.38,22662.2,8378.820000000002,0.36972668143428267,2025-07
TX-1052,2025-07-11,Marketing,Parceiros,Sul,Gama Servicos,Felipe,13395.58,1033.09,9184.8,12362.49,3177.6900000000005,0.2570428772844306,2025-07
TX-1032,2025-07-11,Comercial,Direto,Centro-Oeste,Gama Servicos,Ana,20814.87,1219.72,11570.35,19595.149999999998,8024.799999999997,0.40952990918671195,2025-07
TX-1011,2025-07-11,Marketing,Digital,Sul,Delta Varejo,Diego,9343.51,131.57,6610.22,9211.94,2601.7200000000003,0.2824291083094332,2025-07
TX-1012,2025-07-11,Tecnologia,Digital,Sul,Beta Logistica,Carla,19852.45,1121.7,11757.92,18730.75,6972.83,0.37226646023250537,2025-07
TX-1019,2025-07-11,Comercial,Digital,Sudeste,Beta Logistica,Diego,26164.91,865.8,13941.79,25299.11,11357.32,0.4489217209617255,2025-07
TX-1017,2025-07-12,Comercial,Parceiros,Centro-Oeste,Alfa Industria,Elisa,22650.81,1144.89,12362.76,21505.920000000002,9143.160000000002,0.4251461923042586,2025-07
TX-1022,2025-07-14,Tecnologia,Parceiros,Centro-Oeste,Delta Varejo,Bruno,11148.22,319.82,6933.68,10828.4,3894.7199999999993,0.35967640648664617,2025-07
TX-1035,2025-07-14,Operacoes,Direto,Centro-Oeste,Beta Logistica,Diego,12504.33,247.88,8387.02,12256.45,3869.4300000000003,0.3157056080675889,2025-07
TX-1008,2025-07-14,Operacoes,Parceiros,Nordeste,Evo Saude,Ana,19023.9,1129.29,12490.29,17894.61,5404.32,0.30200825835265477,2025-07
TX-1040,2025-07-15,Operacoes,Direto,Sudeste,Crescer Educacao,Diego,12874.94,258.41,8460.22,12616.53,4156.310000000001,0.32943368739265083,2025-07
TX-1020,2025-07-16,Comercial,Parceiros,Sul,Alfa Industria,Ana,17479.01,885.74,9863.32,16593.269999999997,6729.949999999997,0.40558310688610494,2025-07
TX-1003,2025-07-16,Operacoes,Digital,Centro-Oeste,Gama Servicos,Bruno,14037.47,1094.2,8980.86,12943.269999999999,3962.409999999998,0.30613670270341253,2025-07
TX-1051,2025-07-18,Marketing,Parceiros,Nordeste,Evo Saude,Ana,13917.51,737.72,9373.84,13179.79,3805.9500000000007,0.2887716723862824,2025-07
TX-1033,2025-07-18,Operacoes,Direto,Sul,Horizonte Tech,Bruno,16741.4,312.44,11135.34,16428.960000000003,5293.620000000003,0.3222127267946359,2025-07
TX-1014,2025-07-18,Operacoes,Parceiros,Nordeste,Crescer Educacao,Felipe,19153.46,702.39,12926.5,18451.07,5524.57,0.2994173237649632,2025-07
TX-1042,2025-07-19,Operacoes,Digital,Centro-Oeste,Gama Servicos,Diego,17215.63,555.37,11473.44,16660.260000000002,5186.8200000000015,0.3113288748194807,2025-07
TX-1029,2025-07-19,Comercial,Direto,Centro-Oeste,Horizonte Tech,Ana,16347.02,439.21,8251.81,15907.810000000001,7656.000000000002,0.4812730350689379,2025-07
TX-1001,2025-07-20,Operacoes,Direto,Centro-Oeste,Gama Servicos,Diego,16561.16,687.74,10603.68,15873.42,5269.74,0.3319851676576314,2025-07
TX-1053,2025-07-20,Marketing,Parceiros,Nordeste,Beta Logistica,Bruno,13774.57,706.71,9758.8,13067.86,3309.0600000000013,0.25322126193577227,2025-07
TX-1007,2025-07-21,Tecnologia,Digital,Sudeste,Gama Servicos,Ana,20081.02,1160.17,11625.16,18920.85,7295.689999999999,0.3855899708522608,2025-07
TX-1037,2025-07-21,Operacoes,Digital,Centro-Oeste,Gama Servicos,Diego,8465.3,399.17,5779.87,8066.129999999999,2286.2599999999993,0.28343951808364104,2025-07
TX-1036,2025-07-22,Marketing,Direto,Nordeste,Alfa Industria,Bruno,12557.94,536.43,8953.23,12021.51,3068.2800000000007,0.25523249575136575,2025-07
TX-1002,2025-07-23,Operacoes,Direto,Centro-Oeste,Gama Servicos,Bruno,18401.54,476.72,12202.88,17924.82,5721.9400000000005,0.3192188261862602,2025-07
TX-1004,2025-07-24,Tecnologia,Digital,Sul,Horizonte Tech,Carla,20638.69,429.29,12312.16,20209.399999999998,7897.239999999998,0.39077063148831725,2025-07
TX-1049,2025-07-24,Marketing,Digital,Centro-Oeste,Delta Varejo,Diego,20232.78,667.38,14067.97,19565.399999999998,5497.4299999999985,0.2809771331023132,2025-07
TX-1021,2025-07-24,Tecnologia,Digital,Sul,Delta Varejo,Felipe,20441.35,322.79,11469.22,20118.559999999998,8649.339999999998,0.4299184434671268,2025-07
TX-1026,2025-07-25,Marketing,Digital,Sudeste,Beta Logistica,Diego,15112.81,696.01,10538.96,14416.8,3877.84,0.2689806337051218,2025-07
TX-1034,2025-07-25,Tecnologia,Digital,Sul,Alfa Industria,Diego,21294.84,1637.44,12263.52,19657.4,7393.880000000001,0.3761372307629697,2025-07
TX-1031,2025-07-25,Tecnologia,Direto,Sudeste,Alfa Industria,Elisa,18628.92,204.46,10774.86,18424.46,7649.5999999999985,0.4151872022300789,2025-07
TX-1046,2025-07-25,Operacoes,Digital,Centro-Oeste,Delta Varejo,Elisa,16231.74,771.41,10608.66,15460.33,4851.67,0.3138141294526055,2025-07
TX-1062,2025-08-02,Marketing,Direto,Nordeste,Horizonte Tech,Ana,14102.24,421.28,9829.98,13680.96,3850.9799999999996,0.28148463265735735,2025-08
TX-1065,2025-08-02,Operacoes,Direto,Sudeste,Foco Energia,Elisa,11997.66,320.32,8738.63,11677.34,2938.710000000001,0.25165919635807477,2025-08
TX-1060,2025-08-03,Comercial,Parceiros,Nordeste,Gama Servicos,Carla,27474.17,1594.24,14422.96,25879.929999999997,11456.969999999998,0.44269710157639525,2025-08
TX-1103,2025-08-04,Tecnologia,Direto,Sul,Crescer Educacao,Ana,13019.95,487.8,7892.27,12532.150000000001,4639.880000000001,0.3702381474846695,2025-08
TX-1095,2025-08-04,Comercial,Digital,Sul,Crescer Educacao,Felipe,19768.29,875.32,10196.25,18892.97,8696.720000000001,0.4603151330891861,2025-08
TX-1067,2025-08-04,Tecnologia,Parceiros,Sudeste,Gama Servicos,Elisa,24740.13,1338.46,14998.95,23401.670000000002,8402.720000000001,0.35906497271348586,2025-08
TX-1057,2025-08-07,Tecnologia,Direto,Centro-Oeste,Evo Saude,Carla,19035.89,400.38,11375.4,18635.51,7260.109999999999,0.3895847229295039,2025-08
TX-1104,2025-08-08,Tecnologia,Parceiros,Centro-Oeste,Foco Energia,Felipe,15402.29,371.79,9198.89,15030.5,5831.610000000001,0.3879850969694954,2025-08
TX-1101,2025-08-08,Tecnologia,Digital,Sudeste,Foco Energia,Ana,18416.66,538.46,11169.37,17878.2,6708.83,0.37525198286180933,2025-08
TX-1091,2025-08-08,Tecnologia,Parceiros,Nordeste,Foco Energia,Felipe,19338.18,569.73,12058.59,18768.45,6709.860000000001,0.3575074127058974,2025-08
TX-1088,2025-08-08,Operacoes,Parceiros,Sudeste,Gama Servicos,Carla,24657.53,1117.86,16423.09,23539.67,7116.579999999998,0.30232284479773924,2025-08
TX-1073,2025-08-08,Tecnologia,Direto,Sul,Gama Servicos,Bruno,20862.17,1135.4,12075.79,19726.769999999997,7650.979999999996,0.3878475797102109,2025-08
TX-1061,2025-08-08,Tecnologia,Digital,Centro-Oeste,Evo Saude,Ana,16578.78,516.18,9748.32,16062.599999999999,6314.279999999999,0.3931044787269807,2025-08
TX-1079,2025-08-09,Comercial,Parceiros,Centro-Oeste,Foco Energia,Felipe,24933.08,1545.56,13293.24,23387.52,10094.28,0.4316096790082916,2025-08
TX-1105,2025-08-09,Tecnologia,Digital,Sul,Crescer Educacao,Felipe,13167.04,824.75,7930.67,12342.29,4411.620000000001,0.3574393406734083,2025-08
TX-1089,2025-08-09,Tecnologia,Digital,Centro-Oeste,Foco Energia,Diego,17644.17,306.1,10780.24,17338.07,6557.83,0.37823298671651456,2025-08
TX-1098,2025-08-10,Operacoes,Direto,Centro-Oeste,Beta Logistica,Ana,13859.17,855.95,8740.17,13003.22,4263.049999999999,0.32784571821441144,2025-08
TX-1058,2025-08-10,Tecnologia,Digital,Nordeste,Delta Varejo,Ana,25226.03,1228.75,15371.61,23997.28,8625.669999999998,0.3594436536140762,2025-08
TX-1059,2025-08-10,Marketing,Direto,Centro-Oeste,Horizonte Tech,Diego,17151.52,1313.53,11342.33,15837.99,4495.66,0.2838529384094825,2025-08
TX-1066,2025-08-12,Marketing,Direto,Sul,Beta Logistica,Ana,14647.3,862.26,9605.52,13785.039999999999,4179.519999999999,0.3031924463041093,2025-08
TX-1074,2025-08-12,Tecnologia,Parceiros,Sudeste,Beta Logistica,Ana,15350.44,192.25,9509.18,15158.19,5649.01,0.37267048374509093,2025-08
TX-1080,2025-08-13,Tecnologia,Parceiros,Nordeste,Horizonte Tech,Ana,22998.2,1197.26,14335.48,21800.940000000002,7465.460000000003,0.342437527923108,2025-08
TX-1055,2025-08-13,Tecnologia,Digital,Sudeste,Delta Varejo,Diego,17350.31,318.92,11232.88,17031.390000000003,5798.510000000004,0.34046017383196575,2025-08
TX-1092,2025-08-13,Operacoes,Digital,Sul,Horizonte Tech,Diego,21666.46,1371.49,13819.12,20294.969999999998,6475.849999999997,0.3190864534414191,2025-08
TX-1096,2025-08-14,Tecnologia,Digital,Sul,Horizonte Tech,Carla,17401.85,277.34,10885.87,17124.51,6238.639999999998,0.36431057005426715,2025-08
TX-1100,2025-08-14,Marketing,Parceiros,Centro-Oeste,Gama Servicos,Felipe,19073.74,508.05,14672.83,18565.690000000002,3892.8600000000024,0.20968032968341074,2025-08
TX-1086,2025-08-14,Comercial,Parceiros,Sul,Foco Energia,Elisa,14969.42,1033.66,7717.74,13935.76,6218.02,0.44619166805398486,2025-08
TX-1075,2025-08-15,Tecnologia,Parceiros,Sul,Beta Logistica,Elisa,18049.6,999.16,10492.28,17050.44,6558.159999999998,0.3846328892392219,2025-08
TX-1069,2025-08-16,Comercial,Parceiros,Sudeste,Gama Servicos,Bruno,20879.87,1245.91,10539.36,19633.96,9094.599999999999,0.46320762597051224,2025-08
TX-1090,2025-08-16,Comercial,Digital,Nordeste,Delta Varejo,Carla,24798.7,580.59,13658.8,24218.11,10559.310000000001,0.4360088380141969,2025-08
TX-1102,2025-08-16,Tecnologia,Direto,Centro-Oeste,Delta Varejo,Diego,13917.76,925.81,7388.3,12991.95,5603.650000000001,0.4313170848102094,2025-08
TX-1099,2025-08-16,Marketing,Parceiros,Sudeste,Gama Servicos,Carla,14017.71,645.15,9969.13,13372.56,3403.4300000000003,0.25450848603408777,2025-08
TX-1107,2025-08-17,Comercial,Parceiros,Centro-Oeste,Alfa Industria,Bruno,16374.05,533.38,8732.43,15840.67,7108.24,0.44873354473011556,2025-08
TX-1063,2025-08-17,Operacoes,Direto,Sudeste,Delta Varejo,Ana,19812.76,1442.22,12432.23,18370.539999999997,5938.309999999998,0.3232517933604564,2025-08
TX-1082,2025-08-18,Comercial,Direto,Sul,Gama Servicos,Felipe,24383.06,1140.06,12627.73,23243.0,10615.27,0.4567082562491933,2025-08
TX-1054,2025-08-19,Tecnologia,Digital,Centro-Oeste,Gama Servicos,Diego,21909.79,933.77,12845.52,20976.02,8130.5,0.38760927954874186,2025-08
TX-1068,2025-08-19,Comercial,Parceiros,Nordeste,Alfa Industria,Ana,20017.54,1194.91,9730.94,18822.63,9091.69,0.4830191105068739,2025-08
TX-1056,2025-08-19,Tecnologia,Digital,Centro-Oeste,Gama Servicos,Diego,17426.91,993.09,9749.99,16433.82,6683.83,0.4067118904795112,2025-08
TX-1093,2025-08-20,Marketing,Parceiros,Nordeste,Horizonte Tech,Diego,16610.41,1017.7,11841.34,15592.71,3751.369999999999,0.24058486305459406,2025-08
TX-1087,2025-08-20,Comercial,Digital,Centro-Oeste,Crescer Educacao,Carla,17545.56,838.1,9079.39,16707.460000000003,7628.070000000003,0.4565667073271462,2025-08
TX-1097,2025-08-21,Comercial,Digital,Nordeste,Gama Servicos,Elisa,14972.73,200.77,8654.27,14771.96,6117.689999999999,0.4141420637478032,2025-08
TX-1078,2025-08-21,Tecnologia,Direto,Sudeste,Crescer Educacao,Diego,21923.95,329.83,12802.46,21594.12,8791.66,0.40713212670856697,2025-08
TX-1070,2025-08-22,Marketing,Parceiros,Sul,Beta Logistica,Bruno,11409.42,740.31,7838.93,10669.11,2830.1800000000003,0.2652686119085847,2025-08
TX-1084,2025-08-23,Comercial,Direto,Sul,Beta Logistica,Bruno,21877.65,883.08,10935.69,20994.57,10058.88,0.47911817198447026,2025-08
TX-1064,2025-08-23,Operacoes,Direto,Sudeste,Alfa Industria,Ana,20042.26,1478.01,12567.46,18564.25,5996.790000000001,0.3230289400325896,2025-08
TX-1077,2025-08-23,Marketing,Direto,Sul,Evo Saude,Felipe,13679.92,635.01,9776.99,13044.91,3267.92,0.25051303535248615,2025-08
TX-1085,2025-08-23,Comercial,Digital,Nordeste,Foco Energia,Carla,15428.12,469.7,8578.19,14958.42,6380.23,0.4265310106281278,2025-08
TX-1071,2025-08-24,Comercial,Parceiros,Centro-Oeste,Beta Logistica,Ana,15765.94,929.94,8431.11,14836.0,6404.889999999999,0.43171272580210296,2025-08
TX-1106,2025-08-25,Comercial,Digital,Sudeste,Evo Saude,Diego,15238.5,1122.08,8089.67,14116.42,6026.75,0.4269318991642357,2025-08
TX-1083,2025-08-25,Tecnologia,Parceiros,Sul,Gama Servicos,Carla,16223.26,1286.87,9332.01,14936.39,5604.379999999999,0.37521650144378926,2025-08
TX-1081,2025-08-25,Operacoes,Digital,Sul,Horizonte Tech,Diego,14797.88,860.3,10160.83,13937.58,3776.75,0.27097602309726654,2025-08
TX-1076,2025-08-25,Tecnologia,Parceiros,Centro-Oeste,Foco Energia,Diego,15257.13,821.15,8012.81,14435.98,6423.169999999999,0.4449417358572123,2025-08
TX-1094,2025-08-25,Marketing,Digital,Nordeste,Crescer Educacao,Ana,9250.68,279.15,6140.72,8971.53,2830.8100000000004,0.3155325791698852,2025-08
TX-1072,2025-08-25,Tecnologia,Direto,Centro-Oeste,Crescer Educacao,Ana,20921.85,903.65,11371.85,20018.199999999997,8646.349999999997,0.43192444875163594,2025-08
TX-1146,2025-09-01,Comercial,Digital,Sul,Evo Saude,Bruno,20547.96,1557.56,10578.02,18990.399999999998,8412.379999999997,0.4429806639143988,2025-09
TX-1153,2025-09-01,Marketing,Digital,Sudeste,Delta Varejo,Ana,13169.24,188.91,9175.68,12980.33,3804.6499999999996,0.2931088808990218,2025-09
TX-1149,2025-09-01,Comercial,Direto,Sul,Horizonte Tech,Carla,22560.12,733.37,11955.18,21826.75,9871.57,0.45226934839130883,2025-09
TX-1136,2025-09-01,Comercial,Digital,Nordeste,Beta Logistica,Bruno,23035.02,1334.17,13203.32,21700.85,8497.529999999999,0.3915759060128981,2025-09
TX-1126,2025-09-02,Comercial,Parceiros,Sudeste,Beta Logistica,Felipe,23242.81,1593.0,12190.3,21649.81,9459.510000000002,0.436932702873605,2025-09
TX-1111,2025-09-03,Comercial,Direto,Nordeste,Gama Servicos,Bruno,12938.65,188.74,7431.65,12749.91,5318.26,0.4171213757587309,2025-09
TX-1138,2025-09-03,Tecnologia,Digital,Sudeste,Foco Energia,Elisa,19765.97,260.16,12585.1,19505.81,6920.710000000001,0.35480249218053495,2025-09
TX-1137,2025-09-03,Operacoes,Digital,Sudeste,Delta Varejo,Diego,17542.63,516.95,11394.0,17025.68,5631.68,0.33077562834494717,2025-09
TX-1151,2025-09-04,Marketing,Direto,Centro-Oeste,Foco Energia,Diego,9724.17,131.35,6674.07,9592.82,2918.75,0.3042640224668033,2025-09
TX-1117,2025-09-04,Marketing,Direto,Sudeste,Foco Energia,Diego,14742.25,341.76,10221.82,14400.49,4178.67,0.2901755426377853,2025-09
TX-1110,2025-09-04,Operacoes,Direto,Centro-Oeste,Horizonte Tech,Elisa,15609.36,716.33,10367.69,14893.03,4525.34,0.3038562334192572,2025-09
TX-1120,2025-09-04,Operacoes,Direto,Nordeste,Gama Servicos,Ana,24007.14,847.63,16513.22,23159.51,6646.289999999997,0.28697886958748253,2025-09
TX-1160,2025-09-05,Operacoes,Digital,Centro-Oeste,Gama Servicos,Elisa,18663.1,613.24,11803.57,18049.859999999997,6246.289999999997,0.3460575317481686,2025-09
TX-1116,2025-09-05,Marketing,Direto,Nordeste,Alfa Industria,Bruno,9808.79,414.46,6752.69,9394.330000000002,2641.640000000002,0.2811951464340726,2025-09
TX-1131,2025-09-06,Tecnologia,Parceiros,Nordeste,Alfa Industria,Elisa,12867.99,919.88,7398.59,11948.11,4549.52,0.38077319341720156,2025-09
TX-1145,2025-09-07,Operacoes,Parceiros,Nordeste,Foco Energia,Bruno,21622.03,1539.93,14340.08,20082.1,5742.019999999999,0.2859272685625507,2025-09
TX-1161,2025-09-07,Operacoes,Direto,Sul,Crescer Educacao,Elisa,17421.76,509.77,11811.69,16911.989999999998,5100.299999999997,0.30157893896578686,2025-09
TX-1115,2025-09-07,Tecnologia,Parceiros,Sudeste,Foco Energia,Bruno,11276.2,491.53,6935.32,10784.67,3849.3500000000004,0.3569279356716525,2025-09
TX-1122,2025-09-08,Comercial,Digital,Centro-Oeste,Crescer Educacao,Ana,19642.47,1193.53,9555.71,18448.940000000002,8893.230000000003,0.48204558093852556,2025-09
TX-1113,2025-09-08,Tecnologia,Parceiros,Centro-Oeste,Beta Logistica,Ana,22403.44,226.64,13360.6,22176.8,8816.199999999999,0.3975415749792576,2025-09
TX-1158,2025-09-09,Tecnologia,Parceiros,Sudeste,Foco Energia,Carla,22856.93,1042.86,13453.41,21814.07,8360.66,0.3832691469313154,2025-09
TX-1159,2025-09-09,Tecnologia,Direto,Nordeste,Beta Logistica,Diego,22351.86,420.36,13411.0,21931.5,8520.5,0.3885051182089688,2025-09
TX-1134,2025-09-09,Operacoes,Parceiros,Nordeste,Evo Saude,Carla,16868.97,634.68,11053.33,16234.29,5180.960000000001,0.31913683936901466,2025-09
TX-1143,2025-09-11,Operacoes,Parceiros,Sudeste,Beta Logistica,Felipe,16663.22,407.86,11469.05,16255.36,4786.310000000001,0.2944450322847357,2025-09
TX-1140,2025-09-11,Marketing,Direto,Centro-Oeste,Crescer Educacao,Bruno,9919.2,760.9,6935.88,9158.300000000001,2222.420000000001,0.24266730725134586,2025-09
TX-1135,2025-09-11,Operacoes,Parceiros,Sul,Crescer Educacao,Carla,15848.54,677.28,10123.55,15171.26,5047.710000000001,0.33271527875733464,2025-09
TX-1154,2025-09-11,Operacoes,Digital,Nordeste,Delta Varejo,Bruno,18071.36,1346.85,11957.9,16724.510000000002,4766.610000000002,0.2850074531331562,2025-09
TX-1118,2025-09-13,Comercial,Direto,Sul,Gama Servicos,Diego,26269.36,1347.98,15114.71,24921.38,9806.670000000002,0.39350429229842016,2025-09
TX-1139,2025-09-13,Comercial,Direto,Centro-Oeste,Gama Servicos,Felipe,21709.19,665.04,11839.13,21044.149999999998,9205.019999999999,0.4374146734365607,2025-09
TX-1147,2025-09-13,Tecnologia,Parceiros,Sudeste,Beta Logistica,Felipe,21515.41,869.64,12761.3,20645.77,7884.470000000001,0.3818927557557796,2025-09
TX-1157,2025-09-14,Operacoes,Digital,Nordeste,Delta Varejo,Carla,20531.61,1567.13,12234.76,18964.48,6729.719999999999,0.3548591893898488,2025-09
TX-1114,2025-09-14,Tecnologia,Digital,Sul,Gama Servicos,Diego,15322.61,510.5,8929.57,14812.11,5882.540000000001,0.3971439585582338,2025-09
TX-1141,2025-09-14,Comercial,Parceiros,Sudeste,Alfa Industria,Bruno,15280.83,812.53,8303.98,14468.3,6164.32,0.42605696591859443,2025-09
TX-1152,2025-09-14,Operacoes,Parceiros,Sul,Foco Energia,Elisa,18774.04,466.29,12572.38,18307.75,5735.370000000001,0.31327552539225195,2025-09
TX-1124,2025-09-15,Marketing,Parceiros,Sul,Beta Logistica,Diego,13946.85,155.66,9447.81,13791.19,4343.380000000001,0.31493873987668947,2025-09
TX-1121,2025-09-16,Comercial,Digital,Sudeste,Foco Energia,Carla,24170.41,779.12,12726.67,23391.29,10664.62,0.45592269601206264,2025-09
TX-1119,2025-09-16,Comercial,Direto,Centro-Oeste,Evo Saude,Carla,20343.48,1421.69,10590.79,18921.79,8331.0,0.4402860405912971,2025-09
TX-1144,2025-09-17,Comercial,Parceiros,Sudeste,Delta Varejo,Bruno,22021.69,1525.08,11863.31,20496.61,8633.300000000001,0.42120623849504873,2025-09
TX-1109,2025-09-17,Operacoes,Direto,Nordeste,Crescer Educacao,Ana,15320.29,997.83,10054.05,14322.460000000001,4268.410000000002,0.29802212748368656,2025-09
TX-1155,2025-09-17,Tecnologia,Parceiros,Sudeste,Alfa Industria,Elisa,21629.49,1654.75,13148.73,19974.74,6826.010000000002,0.3417321076519645,2025-09
TX-1156,2025-09-19,Operacoes,Digital,Sul,Horizonte Tech,Carla,19625.03,813.93,12823.98,18811.1,5987.119999999999,0.31827591156285384,2025-09
TX-1142,2025-09-19,Comercial,Direto,Centro-Oeste,Crescer Educacao,Felipe,25743.49,1310.24,14209.35,24433.25,10223.9,0.4184420819989154,2025-09
TX-1133,2025-09-20,Comercial,Direto,Centro-Oeste,Horizonte Tech,Carla,27180.44,1686.6,14490.66,25493.84,11003.18,0.4316015162878562,2025-09
TX-1132,2025-09-20,Operacoes,Digital,Nordeste,Gama Servicos,Felipe,18728.05,934.44,12779.27,17793.61,5014.34,0.2818056594474084,2025-09
TX-1129,2025-09-20,Tecnologia,Parceiros,Sul,Beta Logistica,Elisa,18027.96,298.99,10853.92,17728.969999999998,6875.049999999997,0.38778620528998575,2025-09
TX-1150,2025-09-21,Tecnologia,Digital,Sul,Delta Varejo,Felipe,21219.2,1680.61,11926.9,19538.59,7611.6900000000005,0.38957212367934435,2025-09
TX-1127,2025-09-22,Comercial,Digital,Nordeste,Evo Saude,Elisa,18544.83,904.02,9726.88,17640.81,7913.930000000002,0.4486148878651265,2025-09
TX-1108,2025-09-22,Tecnologia,Parceiros,Centro-Oeste,Horizonte Tech,Diego,21416.27,1389.22,12007.83,20027.05,8019.219999999999,0.4004194327172499,2025-09
TX-1123,2025-09-23,Tecnologia,Direto,Sudeste,Gama Servicos,Diego,19988.8,400.98,12679.92,19587.82,6907.9,0.35266303243546243,2025-09
TX-1112,2025-09-23,Comercial,Digital,Sul,Beta Logistica,Felipe,17838.91,658.53,9170.38,17180.38,8010.000000000002,0.46622950132651325,2025-09
TX-1130,2025-09-23,Comercial,Digital,Centro-Oeste,Horizonte Tech,Bruno,17426.17,391.93,8926.89,17034.239999999998,8107.3499999999985,0.4759443332957619,2025-09
TX-1125,2025-09-23,Marketing,Digital,Sudeste,Delta Varejo,Diego,13370.33,715.65,9285.7,12654.68,3368.9799999999996,0.2662240372731669,2025-09
TX-1148,2025-09-24,Tecnologia,Direto,Sudeste,Crescer Educacao,Felipe,26203.1,562.07,15519.52,25641.03,10121.509999999998,0.39473882289440004,2025-09
TX-1128,2025-09-24,Tecnologia,Parceiros,Centro-Oeste,Alfa Industria,Ana,19440.53,1532.68,11245.73,17907.85,6662.119999999999,0.3720223254047806,2025-09
TX-1203,2025-10-01,Operacoes,Digital,Nordeste,Alfa Industria,Bruno,12482.44,892.66,7416.44,11589.78,4173.340000000001,0.3600879395467387,2025-10
TX-1178,2025-10-01,Comercial,Direto,Sudeste,Gama Servicos,Bruno,21107.41,1427.26,11069.32,19680.15,8610.830000000002,0.43753883989705367,2025-10
TX-1185,2025-10-02,Operacoes,Direto,Centro-Oeste,Alfa Industria,Elisa,10271.85,289.8,7136.63,9982.050000000001,2845.420000000001,0.2850536713400555,2025-10
TX-1200,2025-10-03,Comercial,Digital,Centro-Oeste,Alfa Industria,Diego,18956.98,1420.36,9535.43,17536.62,8001.189999999999,0.45625610864579375,2025-10
TX-1199,2025-10-03,Comercial,Digital,Nordeste,Gama Servicos,Elisa,25931.48,965.6,13484.21,24965.88,11481.670000000002,0.4598944639644187,2025-10
TX-1211,2025-10-03,Operacoes,Direto,Sul,Crescer Educacao,Ana,27823.58,1513.5,18678.76,26310.08,7631.320000000003,0.2900530899183888,2025-10
TX-1207,2025-10-03,Operacoes,Digital,Centro-Oeste,Alfa Industria,Ana,14957.32,447.34,9806.77,14509.98,4703.209999999999,0.3241362152118748,2025-10
TX-1177,2025-10-04,Tecnologia,Direto,Sul,Gama Servicos,Elisa,16532.72,226.44,10108.63,16306.28,6197.6500000000015,0.3800774916167269,2025-10
TX-1186,2025-10-05,Tecnologia,Direto,Sul,Evo Saude,Diego,20854.28,603.71,12344.0,20250.57,7906.57,0.3904369111585501,2025-10
TX-1182,2025-10-05,Tecnologia,Parceiros,Centro-Oeste,Delta Varejo,Bruno,23947.6,469.49,14885.99,23478.109999999997,8592.119999999997,0.36596301831791395,2025-10
TX-1164,2025-10-05,Tecnologia,Digital,Centro-Oeste,Gama Servicos,Bruno,20284.21,1069.3,12181.18,19214.91,7033.73,0.36605583892924815,2025-10
TX-1192,2025-10-05,Comercial,Digital,Centro-Oeste,Gama Servicos,Ana,15253.65,814.08,8517.67,14439.57,5921.9,0.4101160907146127,2025-10
TX-1212,2025-10-06,Tecnologia,Digital,Nordeste,Crescer Educacao,Diego,16366.39,1262.0,9241.3,15104.39,5863.09,0.38817125352298243,2025-10
TX-1174,2025-10-06,Marketing,Direto,Sul,Foco Energia,Elisa,19106.55,807.91,13077.08,18298.64,5221.5599999999995,0.28535235405472753,2025-10
TX-1202,2025-10-06,Tecnologia,Parceiros,Sudeste,Delta Varejo,Carla,19460.99,1207.4,12307.76,18253.59,5945.83,0.3257348280530022,2025-10
TX-1210,2025-10-06,Tecnologia,Digital,Sul,Horizonte Tech,Bruno,16205.39,1236.67,9179.53,14968.72,5789.189999999999,0.3867525078964667,2025-10
TX-1181,2025-10-06,Operacoes,Direto,Sudeste,Alfa Industria,Elisa,20145.15,322.7,13867.91,19822.45,5954.540000000001,0.30039374547545844,2025-10
TX-1163,2025-10-07,Operacoes,Parceiros,Nordeste,Evo Saude,Ana,21495.77,1683.74,13569.87,19812.03,6242.159999999998,0.3150691776662966,2025-10
TX-1204,2025-10-07,Comercial,Digital,Sudeste,Horizonte Tech,Elisa,20634.62,923.63,10911.2,19710.989999999998,8799.789999999997,0.4464407926745434,2025-10
TX-1180,2025-10-08,Operacoes,Parceiros,Sul,Beta Logistica,Diego,17185.32,1074.4,10424.25,16110.92,5686.67,0.35296991109135917,2025-10
TX-1165,2025-10-09,Tecnologia,Digital,Sudeste,Delta Varejo,Felipe,22944.05,1244.81,13867.07,21699.239999999998,7832.169999999998,0.3609421343788999,2025-10
TX-1194,2025-10-09,Tecnologia,Parceiros,Nordeste,Delta Varejo,Bruno,22441.01,491.99,14224.48,21949.019999999997,7724.539999999997,0.3519309745947654,2025-10
TX-1190,2025-10-09,Comercial,Parceiros,Sudeste,Alfa Industria,Diego,21744.89,1526.92,11662.84,20217.97,8555.130000000001,0.42314485578918165,2025-10
TX-1191,2025-10-09,Comercial,Direto,Centro-Oeste,Foco Energia,Ana,25503.68,621.71,14049.58,24881.97,10832.390000000001,0.43535097904225434,2025-10
TX-1175,2025-10-09,Operacoes,Parceiros,Sul,Beta Logistica,Elisa,12370.66,834.85,7583.77,11535.81,3952.039999999999,0.3425888602534195,2025-10
TX-1169,2025-10-09,Operacoes,Parceiros,Sudeste,Alfa Industria,Carla,23014.23,452.99,15678.31,22561.239999999998,6882.9299999999985,0.30507764644141894,2025-10
TX-1184,2025-10-10,Operacoes,Digital,Sul,Alfa Industria,Diego,13779.15,669.17,8240.47,13109.98,4869.51,0.37143534925301186,2025-10
TX-1170,2025-10-11,Marketing,Parceiros,Centro-Oeste,Horizonte Tech,Bruno,10918.16,226.85,7452.11,10691.31,3239.2,0.30297503299408585,2025-10
TX-1188,2025-10-12,Marketing,Direto,Sul,Beta Logistica,Carla,20207.86,875.53,14236.64,19332.33,5095.690000000002,0.26358385150677655,2025-10
TX-1172,2025-10-13,Comercial,Parceiros,Sudeste,Evo Saude,Bruno,16268.22,363.51,9016.66,15904.71,6888.049999999999,0.43308240137669907,2025-10
TX-1167,2025-10-13,Tecnologia,Direto,Sul,Delta Varejo,Diego,25883.16,1427.13,14911.35,24456.03,9544.679999999998,0.39027920721392634,2025-10
TX-1189,2025-10-15,Comercial,Parceiros,Sudeste,Alfa Industria,Carla,18613.17,465.08,10643.07,18148.089999999997,7505.019999999997,0.41354324339365733,2025-10
TX-1176,2025-10-15,Operacoes,Digital,Centro-Oeste,Alfa Industria,Bruno,13144.2,953.11,8380.76,12191.09,3810.33,0.312550395411731,2025-10
TX-1168,2025-10-15,Tecnologia,Direto,Sul,Alfa Industria,Ana,25814.89,1732.8,14249.23,24082.09,9832.86,0.40830592361377277,2025-10
TX-1197,2025-10-16,Marketing,Direto,Sul,Horizonte Tech,Diego,7517.85,281.2,5564.87,7236.650000000001,1671.7800000000007,0.23101573241762424,2025-10
TX-1209,2025-10-16,Comercial,Parceiros,Sudeste,Evo Saude,Bruno,25810.37,1201.67,14758.39,24608.699999999997,9850.309999999998,0.4002775441205752,2025-10
TX-1208,2025-10-16,Tecnologia,Digital,Sudeste,Delta Varejo,Elisa,14646.29,854.01,8813.44,13792.28,4978.84,0.36098745095082174,2025-10
TX-1196,2025-10-17,Comercial,Parceiros,Sul,Delta Varejo,Elisa,26986.53,1383.15,13260.26,25603.379999999997,12343.119999999997,0.4820894741241195,2025-10
TX-1187,2025-10-17,Comercial,Digital,Nordeste,Gama Servicos,Bruno,22093.57,549.23,12235.14,21544.34,9309.2,0.4320949260919574,2025-10
TX-1173,2025-10-18,Operacoes,Direto,Sudeste,Foco Energia,Elisa,15029.74,1201.77,9564.49,13827.97,4263.48,0.30832291363085107,2025-10
TX-1214,2025-10-20,Tecnologia,Parceiros,Centro-Oeste,Alfa Industria,Bruno,18362.5,913.01,10929.47,17449.49,6520.020000000002,0.37365103507323144,2025-10
TX-1162,2025-10-20,Marketing,Digital,Nordeste,Evo Saude,Elisa,15944.45,764.47,11881.35,15179.980000000001,3298.630000000001,0.2173013403179715,2025-10
TX-1179,2025-10-21,Tecnologia,Parceiros,Nordeste,Evo Saude,Bruno,17683.26,291.65,10854.51,17391.609999999997,6537.099999999997,0.37587664396798215,2025-10
TX-1193,2025-10-21,Tecnologia,Direto,Sul,Delta Varejo,Felipe,23263.22,304.57,13933.63,22958.65,9025.020000000002,0.39309889736548104,2025-10
TX-1183,2025-10-22,Marketing,Parceiros,Nordeste,Horizonte Tech,Bruno,5073.79,119.04,3764.01,4954.75,1190.7399999999998,0.24032292244815576,2025-10
TX-1205,2025-10-22,Comercial,Parceiros,Centro-Oeste,Evo Saude,Carla,18465.67,1319.75,10495.19,17145.92,6650.729999999998,0.3878899469961366,2025-10
TX-1213,2025-10-23,Comercial,Direto,Centro-Oeste,Horizonte Tech,Ana,24270.64,1665.53,12459.58,22605.11,10145.53,0.448815776609802,2025-10
TX-1201,2025-10-24,Tecnologia,Parceiros,Sudeste,Horizonte Tech,Elisa,21707.1,1096.83,12766.33,20610.269999999997,7843.939999999997,0.38058404863206535,2025-10
TX-1206,2025-10-24,Tecnologia,Parceiros,Sudeste,Delta Varejo,Ana,10862.81,570.35,6064.09,10292.46,4228.369999999999,0.41082209695252636,2025-10
TX-1198,2025-10-25,Tecnologia,Parceiros,Sudeste,Delta Varejo,Diego,21436.99,1046.3,12962.61,20390.690000000002,7428.080000000002,0.3642878195882533,2025-10
TX-1195,2025-10-25,Tecnologia,Parceiros,Sul,Beta Logistica,Bruno,21532.14,1096.69,12656.4,20435.45,7779.050000000001,0.38066448255360175,2025-10
TX-1171,2025-10-25,Comercial,Parceiros,Centro-Oeste,Beta Logistica,Diego,21559.26,1408.93,11252.99,20150.329999999998,8897.339999999998,0.441548103678699,2025-10
TX-1166,2025-10-25,Marketing,Digital,Sudeste,Gama Servicos,Ana,10755.72,844.05,7543.22,9911.67,2368.45,0.23895569565976266,2025-10
TX-1215,2025-10-25,Comercial,Direto,Sudeste,Foco Energia,Felipe,20691.19,621.22,11804.65,20069.969999999998,8265.319999999998,0.4118252294348222,2025-10
TX-1244,2025-11-01,Comercial,Digital,Nordeste,Beta Logistica,Elisa,21771.46,831.7,12446.55,20939.76,8493.21,0.4056020699377643,2025-11
TX-1246,2025-11-01,Comercial,Parceiros,Centro-Oeste,Delta Varejo,Elisa,21569.71,1672.0,11062.1,19897.71,8835.609999999999,0.44405160191800963,2025-11
TX-1260,2025-11-01,Tecnologia,Digital,Centro-Oeste,Horizonte Tech,Ana,16028.23,1052.51,9943.81,14975.72,5031.91,0.33600454602516605,2025-11
TX-1268,2025-11-01,Tecnologia,Digital,Centro-Oeste,Gama Servicos,Ana,20260.43,1110.89,11382.05,19149.54,7767.490000000002,0.40562279824998415,2025-11
TX-1238,2025-11-02,Comercial,Digital,Sul,Delta Varejo,Diego,16391.63,434.7,8851.99,15956.93,7104.9400000000005,0.4452573270672993,2025-11
TX-1221,2025-11-02,Comercial,Parceiros,Centro-Oeste,Crescer Educacao,Diego,22113.71,523.18,11715.74,21590.53,9874.789999999999,0.4573667251336581,2025-11
TX-1218,2025-11-03,Tecnologia,Direto,Nordeste,Alfa Industria,Diego,21357.83,754.19,12725.74,20603.640000000003,7877.900000000003,0.38235476838073285,2025-11
TX-1249,2025-11-03,Tecnologia,Direto,Sudeste,Evo Saude,Carla,15824.03,569.79,9098.1,15254.240000000002,6156.140000000001,0.40356910603215895,2025-11
TX-1232,2025-11-03,Operacoes,Digital,Centro-Oeste,Beta Logistica,Bruno,18260.86,531.05,11304.53,17729.81,6425.280000000001,0.3623998226715346,2025-11
TX-1226,2025-11-03,Tecnologia,Parceiros,Nordeste,Delta Varejo,Felipe,21666.39,878.93,14424.22,20787.46,6363.24,0.3061095487375562,2025-11
TX-1254,2025-11-03,Comercial,Direto,Centro-Oeste,Foco Energia,Carla,17229.45,653.75,9597.41,16575.7,6978.290000000001,0.4209951917566076,2025-11
TX-1242,2025-11-04,Marketing,Parceiros,Nordeste,Crescer Educacao,Elisa,21350.5,1543.49,14043.21,19807.01,5763.799999999999,0.29099798505680563,2025-11
TX-1250,2025-11-04,Tecnologia,Digital,Sudeste,Delta Varejo,Diego,16625.62,913.71,10027.96,15711.91,5683.950000000001,0.361760600716272,2025-11
TX-1224,2025-11-05,Tecnologia,Digital,Sudeste,Delta Varejo,Elisa,23467.52,761.55,13974.78,22705.97,8731.19,0.38453279027498055,2025-11
TX-1245,2025-11-05,Operacoes,Direto,Nordeste,Horizonte Tech,Elisa,18431.67,1362.65,11717.91,17069.019999999997,5351.109999999997,0.31349837307589995,2025-11
TX-1236,2025-11-05,Tecnologia,Direto,Sudeste,Delta Varejo,Carla,19831.58,532.53,11326.06,19299.050000000003,7972.990000000003,0.4131286255022917,2025-11
TX-1233,2025-11-05,Comercial,Direto,Nordeste,Gama Servicos,Bruno,26122.59,1875.54,13378.34,24247.05,10868.71,0.4482487560342392,2025-11
TX-1252,2025-11-05,Comercial,Digital,Sudeste,Horizonte Tech,Diego,22795.05,968.06,11945.87,21826.989999999998,9881.119999999997,0.4527019071342406,2025-11
TX-1267,2025-11-06,Comercial,Parceiros,Nordeste,Horizonte Tech,Diego,19695.78,1175.86,10305.68,18519.92,8214.239999999998,0.4435353932414394,2025-11
TX-1225,2025-11-06,Operacoes,Digital,Sudeste,Evo Saude,Carla,21818.65,1648.77,14385.66,20169.88,5784.220000000001,0.28677513202854954,2025-11
TX-1234,2025-11-07,Tecnologia,Direto,Sul,Beta Logistica,Elisa,16766.09,340.68,10110.36,16425.41,6315.049999999999,0.3844683329061496,2025-11
TX-1247,2025-11-07,Operacoes,Digital,Sudeste,Foco Energia,Ana,20283.48,739.99,14195.22,19543.489999999998,5348.269999999999,0.2736599246091665,2025-11
TX-1263,2025-11-08,Operacoes,Digital,Centro-Oeste,Horizonte Tech,Ana,12848.56,673.85,8289.6,12174.71,3885.1099999999988,0.3191131452001731,2025-11
TX-1258,2025-11-08,Operacoes,Parceiros,Nordeste,Evo Saude,Diego,17234.48,314.51,12305.94,16919.97,4614.030000000001,0.27269729201647525,2025-11
TX-1223,2025-11-09,Comercial,Digital,Sul,Crescer Educacao,Elisa,32453.24,1319.19,16679.18,31134.050000000003,14454.870000000003,0.4642784989424762,2025-11
TX-1269,2025-11-09,Tecnologia,Digital,Centro-Oeste,Gama Servicos,Bruno,21553.46,1682.55,12257.07,19870.91,7613.84,0.38316513939220703,2025-11
TX-1237,2025-11-10,Comercial,Parceiros,Sudeste,Alfa Industria,Carla,23818.09,761.45,12835.43,23056.64,10221.21,0.4433087388275134,2025-11
TX-1216,2025-11-10,Operacoes,Digital,Nordeste,Beta Logistica,Felipe,13229.68,1036.05,8290.19,12193.630000000001,3903.4400000000005,0.3201212436329461,2025-11
TX-1227,2025-11-11,Comercial,Parceiros,Sudeste,Evo Saude,Felipe,18697.4,485.34,10264.33,18212.06,7947.730000000001,0.4363992870658235,2025-11
TX-1251,2025-11-11,Marketing,Digital,Sudeste,Delta Varejo,Carla,21583.82,1318.49,14821.52,20265.329999999998,5443.809999999998,0.2686267630480233,2025-11
TX-1266,2025-11-11,Marketing,Digital,Centro-Oeste,Beta Logistica,Elisa,13567.17,340.74,9519.65,13226.43,3706.7800000000007,0.2802555186849362,2025-11
TX-1240,2025-11-12,Tecnologia,Parceiros,Sul,Delta Varejo,Carla,26537.88,294.74,17671.27,26243.14,8571.869999999999,0.32663278860685113,2025-11
TX-1264,2025-11-12,Comercial,Direto,Sul,Crescer Educacao,Elisa,20085.44,993.16,10105.34,19092.28,8986.939999999999,0.47071067468107525,2025-11
TX-1235,2025-11-14,Operacoes,Parceiros,Nordeste,Alfa Industria,Elisa,17642.01,770.58,11505.14,16871.429999999997,5366.289999999997,0.31806965977394913,2025-11
TX-1259,2025-11-15,Tecnologia,Digital,Nordeste,Crescer Educacao,Elisa,19345.77,1430.05,10537.63,17915.72,7378.090000000002,0.4118221316251873,2025-11
TX-1241,2025-11-15,Tecnologia,Direto,Centro-Oeste,Alfa Industria,Felipe,17557.15,309.11,11107.49,17248.04,6140.550000000001,0.35601436453069457,2025-11
TX-1262,2025-11-16,Marketing,Digital,Sul,Horizonte Tech,Elisa,16659.73,1085.31,11404.1,15574.42,4170.32,0.26776727480060253,2025-11
TX-1256,2025-11-16,Marketing,Direto,Sudeste,Gama Servicos,Ana,10952.77,584.05,7531.34,10368.720000000001,2837.380000000001,0.27364804913239055,2025-11
TX-1230,2025-11-16,Operacoes,Digital,Sul,Evo Saude,Ana,16232.23,583.77,10617.6,15648.46,5030.859999999999,0.3214923385432176,2025-11
TX-1243,2025-11-16,Marketing,Direto,Sudeste,Beta Logistica,Bruno,8821.5,432.17,6008.61,8389.33,2380.7200000000003,0.2837795151698646,2025-11
TX-1239,2025-11-17,Marketing,Digital,Centro-Oeste,Evo Saude,Elisa,10769.85,570.22,7505.43,10199.630000000001,2694.2000000000007,0.2641468366989783,2025-11
TX-1222,2025-11-17,Operacoes,Digital,Nordeste,Horizonte Tech,Ana,20935.91,1382.63,12401.8,19553.28,7151.48,0.3657432410316837,2025-11
TX-1231,2025-11-19,Tecnologia,Parceiros,Sudeste,Crescer Educacao,Diego,16560.38,1029.46,9586.66,15530.920000000002,5944.260000000002,0.3827371462862471,2025-11
TX-1229,2025-11-20,Tecnologia,Direto,Sul,Delta Varejo,Diego,21549.5,1507.09,12380.83,20042.41,7661.58,0.3822683998581009,2025-11
TX-1219,2025-11-20,Tecnologia,Direto,Sudeste,Gama Servicos,Bruno,19430.23,1026.99,11659.63,18403.239999999998,6743.609999999999,0.3664360188749372,2025-11
TX-1255,2025-11-20,Comercial,Direto,Sudeste,Evo Saude,Ana,24713.2,1719.29,14224.2,22993.91,8769.71,0.3813927252911749,2025-11
TX-1217,2025-11-20,Tecnologia,Parceiros,Nordeste,Gama Servicos,Carla,22657.09,1652.26,12249.17,21004.83,8755.660000000002,0.4168403172032338,2025-11
TX-1253,2025-11-21,Comercial,Direto,Centro-Oeste,Evo Saude,Carla,23022.98,640.75,12490.07,22382.23,9892.16,0.441964898046352,2025-11
TX-1228,2025-11-21,Tecnologia,Digital,Nordeste,Foco Energia,Elisa,20818.55,901.22,12510.84,19917.329999999998,7406.489999999998,0.37186158988177626,2025-11
TX-1220,2025-11-22,Marketing,Digital,Sudeste,Beta Logistica,Diego,17878.38,824.25,12204.13,17054.13,4850.000000000002,0.28438859091610075,2025-11
TX-1265,2025-11-22,Comercial,Parceiros,Nordeste,Evo Saude,Bruno,23444.7,1785.56,12418.71,21659.14,9240.43,0.42662958917113053,2025-11
TX-1248,2025-11-23,Tecnologia,Parceiros,Nordeste,Gama Servicos,Elisa,13569.59,172.4,7907.82,13397.19,5489.370000000001,0.4097404007855379,2025-11
TX-1257,2025-11-24,Operacoes,Digital,Nordeste,Alfa Industria,Elisa,22686.26,1619.06,14643.7,21067.199999999997,6423.499999999996,0.3049052555631502,2025-11
TX-1261,2025-11-25,Tecnologia,Direto,Sudeste,Evo Saude,Carla,21593.38,932.3,12194.48,20661.08,8466.600000000002,0.4097849676783596,2025-11
TX-1302,2025-12-01,Tecnologia,Parceiros,Centro-Oeste,Beta Logistica,Carla,17798.9,1385.86,10593.48,16413.04,5819.560000000001,0.354569293683559,2025-12
TX-1293,2025-12-01,Comercial,Digital,Sudeste,Gama Servicos,Diego,26938.39,1305.56,14203.43,25632.829999999998,11429.399999999998,0.4458891195392783,2025-12
TX-1319,2025-12-01,Tecnologia,Parceiros,Nordeste,Crescer Educacao,Bruno,25129.98,1447.55,14093.09,23682.43,9589.34,0.4049136849554712,2025-12
TX-1271,2025-12-02,Comercial,Direto,Nordeste,Delta Varejo,Felipe,20785.99,1052.12,11014.82,19733.870000000003,8719.050000000003,0.44183173396804587,2025-12
TX-1277,2025-12-02,Tecnologia,Direto,Sul,Gama Servicos,Elisa,21781.72,350.03,12836.44,21431.690000000002,8595.250000000002,0.4010533000430671,2025-12
TX-1290,2025-12-03,Operacoes,Direto,Sul,Foco Energia,Felipe,15035.44,172.62,10009.6,14862.82,4853.219999999999,0.32653426469539426,2025-12
TX-1282,2025-12-03,Operacoes,Digital,Centro-Oeste,Beta Logistica,Carla,18047.35,900.54,11894.77,17146.809999999998,5252.039999999997,0.3062983727002281,2025-12
TX-1304,2025-12-04,Marketing,Direto,Sudeste,Foco Energia,Diego,13260.36,706.86,9564.08,12553.5,2989.42,0.23813438483291513,2025-12
TX-1314,2025-12-05,Tecnologia,Direto,Sudeste,Delta Varejo,Ana,23287.05,781.05,13322.05,22506.0,9183.95,0.4080667377588199,2025-12
TX-1273,2025-12-05,Operacoes,Digital,Centro-Oeste,Foco Energia,Bruno,19708.13,408.89,12603.66,19299.24,6695.580000000002,0.34693490520870257,2025-12
TX-1303,2025-12-06,Tecnologia,Digital,Centro-Oeste,Foco Energia,Carla,19049.89,1169.48,11689.36,17880.41,6191.049999999999,0.3462476531578414,2025-12
TX-1322,2025-12-06,Comercial,Parceiros,Sudeste,Foco Energia,Carla,25752.51,1712.18,13758.8,24040.329999999998,10281.529999999999,0.42767840541290403,2025-12
TX-1318,2025-12-06,Marketing,Direto,Nordeste,Crescer Educacao,Bruno,16614.56,783.39,11038.98,15831.170000000002,4792.190000000002,0.30270599077642407,2025-12
TX-1274,2025-12-06,Operacoes,Direto,Centro-Oeste,Beta Logistica,Carla,16341.32,252.34,10975.17,16088.98,5113.8099999999995,0.3178455066759981,2025-12
TX-1296,2025-12-06,Operacoes,Digital,Sudeste,Alfa Industria,Felipe,15243.47,981.15,10397.66,14262.32,3864.66,0.27096994037435707,2025-12
TX-1291,2025-12-07,Comercial,Direto,Centro-Oeste,Alfa Industria,Ana,26165.49,1327.14,14014.2,24838.350000000002,10824.150000000001,0.43578377790795286,2025-12
TX-1285,2025-12-07,Comercial,Direto,Nordeste,Crescer Educacao,Diego,22603.92,1798.06,11166.17,20805.859999999997,9639.689999999997,0.4633161042129476,2025-12
TX-1313,2025-12-08,Operacoes,Digital,Sudeste,Crescer Educacao,Carla,18937.15,1421.07,11116.51,17516.08,6399.5700000000015,0.36535400614749425,2025-12
TX-1289,2025-12-09,Tecnologia,Digital,Sul,Alfa Industria,Bruno,22371.74,519.24,14366.58,21852.5,7485.92,0.3425658391488388,2025-12
TX-1310,2025-12-09,Comercial,Parceiros,Centro-Oeste,Gama Servicos,Ana,25185.64,689.6,13418.52,24496.04,11077.52,0.4522167664651103,2025-12
TX-1295,2025-12-09,Comercial,Parceiros,Sudeste,Crescer Educacao,Carla,27114.45,939.65,14956.81,26174.8,11217.99,0.4285797790240995,2025-12
TX-1311,2025-12-10,Tecnologia,Digital,Sul,Gama Servicos,Carla,19343.29,222.99,11759.76,19120.3,7360.539999999999,0.38495944101295476,2025-12
TX-1270,2025-12-10,Comercial,Direto,Sudeste,Horizonte Tech,Ana,19274.15,314.17,11280.09,18959.980000000003,7679.890000000003,0.40505791672776037,2025-12
TX-1288,2025-12-11,Tecnologia,Parceiros,Nordeste,Foco Energia,Elisa,24528.91,1113.25,14389.17,23415.66,9026.49,0.385489454493275,2025-12
TX-1309,2025-12-11,Tecnologia,Direto,Sul,Crescer Educacao,Diego,21164.55,259.12,12074.67,20905.43,8830.76,0.42241465494849906,2025-12
TX-1287,2025-12-11,Marketing,Digital,Sul,Alfa Industria,Bruno,12504.78,918.19,8241.75,11586.59,3344.84,0.2886820022111769,2025-12
TX-1307,2025-12-12,Marketing,Digital,Sul,Crescer Educacao,Ana,14745.81,267.09,10509.99,14478.72,3968.7299999999996,0.2741077940591433,2025-12
TX-1308,2025-12-12,Comercial,Direto,Sudeste,Delta Varejo,Elisa,21569.33,287.22,11791.15,21282.11,9490.960000000001,0.44595954066584564,2025-12
TX-1297,2025-12-12,Operacoes,Parceiros,Sul,Beta Logistica,Carla,11092.11,143.96,7713.41,10948.150000000001,3234.7400000000016,0.29545996355548665,2025-12
TX-1281,2025-12-12,Comercial,Parceiros,Sul,Crescer Educacao,Elisa,28218.96,470.22,15544.78,27748.739999999998,12203.959999999997,0.43980231174460527,2025-12
TX-1292,2025-12-12,Operacoes,Digital,Nordeste,Horizonte Tech,Ana,21776.35,892.82,13672.18,20883.53,7211.3499999999985,0.34531278955234096,2025-12
TX-1317,2025-12-13,Marketing,Direto,Sul,Beta Logistica,Bruno,16327.73,739.94,11898.73,15587.789999999999,3689.0599999999995,0.23666343978203452,2025-12
TX-1316,2025-12-14,Marketing,Parceiros,Sudeste,Horizonte Tech,Elisa,16439.33,744.45,11716.35,15694.880000000001,3978.5300000000007,0.25349222166719343,2025-12
TX-1294,2025-12-14,Operacoes,Direto,Centro-Oeste,Delta Varejo,Elisa,14746.41,1131.35,10016.73,13615.06,3598.33,0.26429042545534137,2025-12
TX-1280,2025-12-14,Tecnologia,Parceiros,Centro-Oeste,Horizonte Tech,Diego,13071.77,974.08,7292.56,12097.69,4805.13,0.3971940097655007,2025-12
TX-1321,2025-12-15,Comercial,Parceiros,Sul,Evo Saude,Ana,24748.58,841.09,12929.85,23907.49,10977.640000000001,0.4591715817929862,2025-12
TX-1301,2025-12-15,Comercial,Direto,Centro-Oeste,Evo Saude,Carla,18788.49,286.55,9886.09,18501.940000000002,8615.850000000002,0.46567278890754166,2025-12
TX-1283,2025-12-16,Tecnologia,Direto,Sudeste,Beta Logistica,Felipe,21173.18,822.75,12570.28,20350.43,7780.15,0.3823088750458835,2025-12
TX-1279,2025-12-16,Marketing,Digital,Nordeste,Alfa Industria,Ana,10716.15,503.72,7741.39,10212.43,2471.04,0.24196395960608785,2025-12
TX-1298,2025-12-16,Comercial,Digital,Nordeste,Alfa Industria,Bruno,20272.2,1516.32,10000.96,18755.88,8754.920000000002,0.4667826836170844,2025-12
TX-1276,2025-12-16,Operacoes,Digital,Nordeste,Foco Energia,Diego,15368.28,299.0,10840.92,15069.28,4228.360000000001,0.280594693309833,2025-12
TX-1320,2025-12-17,Tecnologia,Parceiros,Sudeste,Gama Servicos,Ana,24838.14,1494.58,14918.54,23343.559999999998,8425.019999999997,0.3609141022191987,2025-12
TX-1286,2025-12-17,Marketing,Digital,Sudeste,Crescer Educacao,Felipe,18757.1,455.24,13065.44,18301.859999999997,5236.419999999996,0.2861140889505218,2025-12
TX-1323,2025-12-18,Marketing,Digital,Nordeste,Gama Servicos,Bruno,22378.97,478.91,15779.16,21900.06,6120.9000000000015,0.27949238495237005,2025-12
TX-1275,2025-12-18,Marketing,Parceiros,Nordeste,Crescer Educacao,Diego,13339.79,664.57,8904.6,12675.220000000001,3770.620000000001,0.2974796492684151,2025-12
TX-1272,2025-12-18,Operacoes,Parceiros,Sudeste,Delta Varejo,Ana,18470.37,1106.24,12205.47,17364.129999999997,5158.659999999998,0.29708715610859854,2025-12
TX-1306,2025-12-19,Operacoes,Parceiros,Sul,Gama Servicos,Ana,20217.41,676.34,13802.82,19541.07,5738.25,0.29365075709774335,2025-12
TX-1284,2025-12-21,Tecnologia,Direto,Nordeste,Crescer Educacao,Carla,22480.84,1561.99,13990.95,20918.85,6927.899999999998,0.3311797732666948,2025-12
TX-1315,2025-12-22,Tecnologia,Direto,Sudeste,Beta Logistica,Ana,17524.74,1375.05,9746.82,16149.690000000002,6402.870000000003,0.3964701489626118,2025-12
TX-1299,2025-12-24,Marketing,Direto,Centro-Oeste,Beta Logistica,Felipe,15957.01,1011.86,11085.5,14945.15,3859.6499999999996,0.25825435007343517,2025-12
TX-1300,2025-12-24,Tecnologia,Parceiros,Sul,Delta Varejo,Diego,24427.06,1697.32,13416.06,22729.74,9313.680000000002,0.40975743673266835,2025-12
TX-1278,2025-12-25,Comercial,Parceiros,Nordeste,Delta Varejo,Ana,23178.24,1117.33,12314.39,22060.910000000003,9746.520000000004,0.4418004515679545,2025-12
TX-1312,2025-12-25,Comercial,Parceiros,Sudeste,Gama Servicos,Felipe,25844.76,1963.38,13235.26,23881.379999999997,10646.119999999997,0.4457916586059934,2025-12
TX-1305,2025-12-25,Comercial,Direto,Sudeste,Delta Varejo,Carla,17509.15,1001.41,9619.52,16507.74,6888.220000000001,0.4172721402202846,2025-12
TX-1367,2026-01-01,Tecnologia,Parceiros,Sudeste,Delta Varejo,Diego,17643.76,494.61,10929.05,17149.149999999998,6220.0999999999985,0.36270602333060237,2026-01
TX-1336,2026-01-01,Operacoes,Direto,Nordeste,Evo Saude,Bruno,15782.3,818.31,9974.78,14963.99,4989.209999999999,0.33341441687678214,2026-01
TX-1376,2026-01-01,Operacoes,Parceiros,Centro-Oeste,Alfa Industria,Ana,15769.78,847.36,10081.59,14922.42,4840.83,0.3243997957435858,2026-01
TX-1354,2026-01-01,Marketing,Direto,Centro-Oeste,Crescer Educacao,Ana,6090.5,94.48,4356.38,5996.02,1639.6400000000003,0.27345472496756185,2026-01
TX-1332,2026-01-02,Marketing,Parceiros,Sul,Crescer Educacao,Carla,18059.85,595.01,12730.03,17464.84,4734.8099999999995,0.271105260626493,2026-01
TX-1359,2026-01-02,Operacoes,Digital,Centro-Oeste,Foco Energia,Felipe,16799.4,1019.09,10522.41,15780.310000000001,5257.9000000000015,0.3331937078549155,2026-01
TX-1372,2026-01-02,Comercial,Digital,Centro-Oeste,Foco Energia,Felipe,20611.72,1117.44,10959.05,19494.280000000002,8535.230000000003,0.4378325334405786,2026-01
TX-1331,2026-01-02,Tecnologia,Direto,Centro-Oeste,Beta Logistica,Bruno,22083.6,827.95,13316.24,21255.649999999998,7939.409999999998,0.37351998174602985,2026-01
TX-1329,2026-01-03,Marketing,Direto,Sudeste,Foco Energia,Elisa,16099.5,266.11,11840.93,15833.39,3992.459999999999,0.25215446597349017,2026-01
TX-1347,2026-01-03,Tecnologia,Direto,Nordeste,Gama Servicos,Felipe,21381.81,1338.64,12475.91,20043.170000000002,7567.260000000002,0.37754806250707856,2026-01
TX-1334,2026-01-05,Marketing,Direto,Centro-Oeste,Evo Saude,Diego,13687.65,1063.96,9467.39,12623.689999999999,3156.2999999999993,0.25002990409301873,2026-01
TX-1335,2026-01-05,Operacoes,Digital,Sudeste,Crescer Educacao,Diego,23205.14,659.99,15743.37,22545.149999999998,6801.779999999997,0.3016959301667985,2026-01
TX-1337,2026-01-07,Operacoes,Direto,Sudeste,Crescer Educacao,Bruno,15202.87,1149.24,9618.2,14053.630000000001,4435.43,0.31560742669331693,2026-01
TX-1377,2026-01-07,Tecnologia,Parceiros,Nordeste,Beta Logistica,Bruno,12314.66,708.51,7457.25,11606.15,4148.9,0.35747427010679683,2026-01
TX-1324,2026-01-07,Operacoes,Direto,Centro-Oeste,Alfa Industria,Elisa,18297.62,1371.16,11762.2,16926.46,5164.259999999998,0.3050998259529753,2026-01
TX-1325,2026-01-07,Comercial,Parceiros,Sul,Horizonte Tech,Carla,23482.69,551.98,12860.96,22930.71,10069.75,0.4391381688573969,2026-01
TX-1351,2026-01-08,Marketing,Parceiros,Sul,Foco Energia,Ana,12061.42,636.08,8071.26,11425.34,3354.08,0.2935650055053066,2026-01
TX-1355,2026-01-08,Comercial,Digital,Sudeste,Horizonte Tech,Ana,22453.76,1004.59,12255.78,21449.17,9193.389999999998,0.42861285541585054,2026-01
TX-1326,2026-01-08,Tecnologia,Digital,Nordeste,Horizonte Tech,Carla,22876.6,269.13,14668.67,22607.469999999998,7938.799999999997,0.35115826759916074,2026-01
TX-1343,2026-01-09,Tecnologia,Parceiros,Sul,Evo Saude,Bruno,23415.13,720.74,14598.78,22694.39,8095.609999999999,0.35672296104896406,2026-01
TX-1344,2026-01-09,Tecnologia,Parceiros,Sudeste,Crescer Educacao,Elisa,14275.02,404.45,8594.87,13870.57,5275.699999999999,0.38035206916514597,2026-01
TX-1366,2026-01-09,Comercial,Digital,Centro-Oeste,Crescer Educacao,Diego,27256.09,409.67,14041.04,26846.420000000002,12805.380000000001,0.4769865032283634,2026-01
TX-1356,2026-01-09,Tecnologia,Direto,Sudeste,Beta Logistica,Ana,24780.89,703.56,16772.14,24077.329999999998,7305.189999999999,0.3034053194436426,2026-01
TX-1368,2026-01-10,Tecnologia,Digital,Sudeste,Beta Logistica,Diego,23691.08,1485.79,13657.61,22205.29,8547.68,0.3849389041980537,2026-01
TX-1342,2026-01-11,Operacoes,Digital,Sul,Beta Logistica,Felipe,11343.06,867.63,7683.86,10475.43,2791.5700000000006,0.26648739001644806,2026-01
TX-1361,2026-01-11,Operacoes,Parceiros,Sudeste,Evo Saude,Elisa,25774.95,1161.07,16189.15,24613.88,8424.730000000001,0.3422755778446958,2026-01
TX-1363,2026-01-11,Tecnologia,Digital,Sul,Gama Servicos,Bruno,20301.49,859.89,11442.46,19441.600000000002,7999.140000000003,0.4114445313142952,2026-01
TX-1353,2026-01-12,Tecnologia,Parceiros,Sul,Crescer Educacao,Diego,25257.39,826.55,14944.35,24430.84,9486.49,0.3882997883003613,2026-01
TX-1339,2026-01-12,Marketing,Digital,Sudeste,Evo Saude,Felipe,17531.2,1307.21,11337.64,16223.990000000002,4886.350000000002,0.3011805357375098,2026-01
TX-1333,2026-01-13,Comercial,Parceiros,Centro-Oeste,Horizonte Tech,Bruno,31652.8,1570.15,16528.69,30082.649999999998,13553.96,0.45055738108178633,2026-01
TX-1345,2026-01-14,Operacoes,Direto,Nordeste,Alfa Industria,Felipe,18765.54,959.41,11805.08,17806.13,6001.050000000001,0.33702157627738316,2026-01
TX-1369,2026-01-14,Comercial,Digital,Centro-Oeste,Delta Varejo,Carla,27863.21,2096.32,13418.11,25766.89,12348.779999999999,0.4792499211197005,2026-01
TX-1348,2026-01-14,Operacoes,Digital,Sudeste,Alfa Industria,Ana,15500.75,973.76,10312.0,14526.99,4214.99,0.2901488883794922,2026-01
TX-1349,2026-01-14,Comercial,Direto,Sudeste,Horizonte Tech,Carla,31574.28,1748.83,16340.56,29825.449999999997,13484.889999999998,0.4521269586879661,2026-01
TX-1346,2026-01-14,Operacoes,Digital,Centro-Oeste,Delta Varejo,Ana,20741.71,830.43,13345.34,19911.28,6565.939999999999,0.32975981453728737,2026-01
TX-1373,2026-01-15,Tecnologia,Direto,Nordeste,Delta Varejo,Carla,23928.34,1842.2,14581.72,22086.14,7504.42,0.3397796083878849,2026-01
TX-1364,2026-01-15,Tecnologia,Direto,Sul,Foco Energia,Felipe,23292.47,1654.87,12620.16,21637.600000000002,9017.440000000002,0.4167486227677747,2026-01
TX-1357,2026-01-15,Tecnologia,Direto,Sudeste,Foco Energia,Carla,26022.94,946.49,14854.7,25076.449999999997,10221.749999999996,0.4076234873756053,2026-01
TX-1375,2026-01-15,Comercial,Parceiros,Nordeste,Evo Saude,Elisa,22571.47,1146.82,11682.48,21424.65,9742.170000000002,0.4547178133598449,2026-01
TX-1358,2026-01-17,Operacoes,Direto,Sul,Beta Logistica,Elisa,21070.96,755.82,13524.29,20315.14,6790.8499999999985,0.3342753237240796,2026-01
TX-1350,2026-01-18,Operacoes,Digital,Sudeste,Beta Logistica,Bruno,14911.28,246.79,10132.83,14664.49,4531.66,0.30902267995682087,2026-01
TX-1374,2026-01-18,Operacoes,Parceiros,Sul,Delta Varejo,Felipe,10969.29,232.85,7853.68,10736.44,2882.76,0.26850240861961694,2026-01
TX-1338,2026-01-18,Tecnologia,Direto,Nordeste,Horizonte Tech,Elisa,23903.44,979.7,14511.61,22923.739999999998,8412.129999999997,0.3669614993015973,2026-01
TX-1360,2026-01-19,Comercial,Direto,Sul,Evo Saude,Elisa,22104.75,308.15,12691.08,21796.6,9105.519999999999,0.4177495572703999,2026-01
TX-1340,2026-01-19,Marketing,Parceiros,Sul,Beta Logistica,Diego,12782.73,445.63,9338.44,12337.1,2998.66,0.2430603626460027,2026-01
TX-1330,2026-01-19,Operacoes,Direto,Centro-Oeste,Delta Varejo,Felipe,23743.85,1661.6,15677.38,22082.25,6404.870000000001,0.2900460777321152,2026-01
TX-1328,2026-01-20,Marketing,Direto,Sudeste,Horizonte Tech,Carla,18235.5,1161.26,12129.25,17074.24,4944.990000000002,0.28961699027306637,2026-01
TX-1365,2026-01-22,Comercial,Direto,Centro-Oeste,Beta Logistica,Felipe,24258.87,257.22,13735.87,24001.649999999998,10265.779999999997,0.4277114281726464,2026-01
TX-1362,2026-01-23,Comercial,Digital,Centro-Oeste,Crescer Educacao,Elisa,28469.38,2051.03,14466.61,26418.350000000002,11951.740000000002,0.45240296990538775,2026-01
TX-1341,2026-01-23,Comercial,Direto,Nordeste,Alfa Industria,Carla,25095.91,368.93,13474.35,24726.98,11252.63,0.455074982872959,2026-01
TX-1327,2026-01-24,Tecnologia,Direto,Centro-Oeste,Foco Energia,Felipe,19550.69,626.03,11511.96,18924.66,7412.700000000001,0.39169528012656507,2026-01
TX-1371,2026-01-24,Comercial,Direto,Centro-Oeste,Horizonte Tech,Elisa,22361.94,1421.6,10892.69,20940.34,10047.65,0.47982267718671234,2026-01
TX-1370,2026-01-25,Tecnologia,Parceiros,Sudeste,Alfa Industria,Felipe,30950.24,541.94,18002.17,30408.300000000003,12406.130000000005,0.40798499093997376,2026-01
TX-1352,2026-01-25,Operacoes,Digital,Sul,Gama Servicos,Bruno,15590.93,161.21,10196.86,15429.720000000001,5232.860000000001,0.3391416046435062,2026-01
TX-1389,2026-02-01,Tecnologia,Digital,Sudeste,Beta Logistica,Diego,22082.5,896.31,12405.71,21186.19,8780.48,0.41444355969619834,2026-02
TX-1414,2026-02-01,Tecnologia,Parceiros,Nordeste,Horizonte Tech,Bruno,21341.46,1426.91,12823.4,19914.55,7091.15,0.356078846873266,2026-02
TX-1410,2026-02-02,Tecnologia,Parceiros,Nordeste,Gama Servicos,Diego,25210.94,1695.4,13605.28,23515.539999999997,9910.259999999997,0.4214345067134328,2026-02
TX-1412,2026-02-02,Comercial,Digital,Sudeste,Horizonte Tech,Carla,23988.6,1832.86,12438.06,22155.739999999998,9717.679999999998,0.43860778290411423,2026-02
TX-1400,2026-02-03,Marketing,Direto,Sudeste,Delta Varejo,Bruno,13722.12,610.62,9443.87,13111.5,3667.629999999999,0.27972619456202563,2026-02
TX-1385,2026-02-03,Comercial,Direto,Sudeste,Horizonte Tech,Diego,18860.23,1293.15,9905.47,17567.079999999998,7661.609999999999,0.43613451979498014,2026-02
TX-1392,2026-02-03,Tecnologia,Digital,Sudeste,Evo Saude,Elisa,23516.42,1251.94,13292.22,22264.48,8972.26,0.4029853829956954,2026-02
TX-1387,2026-02-04,Marketing,Parceiros,Nordeste,Evo Saude,Diego,17589.74,1196.74,11951.94,16393.0,4441.0599999999995,0.2709119746233148,2026-02
TX-1394,2026-02-04,Tecnologia,Parceiros,Sul,Foco Energia,Elisa,21717.23,1474.04,12269.78,20243.19,7973.409999999998,0.3938811027313382,2026-02
TX-1388,2026-02-05,Operacoes,Digital,Sudeste,Delta Varejo,Bruno,17655.49,1360.65,11602.43,16294.840000000002,4692.410000000002,0.2879690748727819,2026-02
TX-1401,2026-02-05,Marketing,Digital,Centro-Oeste,Crescer Educacao,Bruno,21032.37,1538.53,14208.06,19493.84,5285.780000000001,0.27115129702511154,2026-02
TX-1396,2026-02-06,Comercial,Parceiros,Sudeste,Delta Varejo,Felipe,22234.61,742.75,12326.65,21491.86,9165.210000000001,0.42645029327382555,2026-02
TX-1415,2026-02-06,Comercial,Direto,Sudeste,Gama Servicos,Ana,24752.58,1931.68,13382.97,22820.9,9437.930000000002,0.41356519681520015,2026-02
TX-1421,2026-02-06,Comercial,Direto,Nordeste,Evo Saude,Felipe,16971.39,208.84,8847.76,16762.55,7914.789999999999,0.4721710002356443,2026-02
TX-1426,2026-02-06,Comercial,Parceiros,Sul,Beta Logistica,Elisa,27595.6,475.54,15068.11,27120.059999999998,12051.949999999997,0.44439245340902633,2026-02
TX-1403,2026-02-07,Comercial,Digital,Nordeste,Beta Logistica,Carla,29244.97,2109.83,15245.35,27135.14,11889.789999999999,0.4381694732365486,2026-02
TX-1424,2026-02-08,Tecnologia,Direto,Sul,Gama Servicos,Bruno,21005.89,1446.85,13525.82,19559.04,6033.220000000001,0.30846196950361576,2026-02
TX-1378,2026-02-08,Operacoes,Parceiros,Nordeste,Delta Varejo,Felipe,22937.63,1182.25,15416.4,21755.38,6338.980000000001,0.29137528280361,2026-02
TX-1419,2026-02-09,Comercial,Direto,Nordeste,Alfa Industria,Diego,25489.75,578.79,13722.52,24910.96,11188.439999999999,0.4491372472196976,2026-02
TX-1402,2026-02-09,Marketing,Parceiros,Sudeste,Crescer Educacao,Elisa,11792.06,466.67,8143.09,11325.39,3182.2999999999993,0.2809881160825366,2026-02
TX-1406,2026-02-10,Operacoes,Digital,Sudeste,Delta Varejo,Felipe,26922.65,1061.06,17383.52,25861.59,8478.07,0.32782477798155485,2026-02
TX-1408,2026-02-10,Tecnologia,Digital,Nordeste,Alfa Industria,Elisa,26155.53,1161.64,16116.59,24993.89,8877.3,0.35517880570011306,2026-02
TX-1416,2026-02-11,Marketing,Direto,Sul,Evo Saude,Diego,12228.03,552.98,8693.8,11675.050000000001,2981.250000000002,0.25535222547226794,2026-02
TX-1383,2026-02-13,Comercial,Digital,Sul,Gama Servicos,Ana,21905.29,1676.52,10913.87,20228.77,9314.9,0.46047782440553725,2026-02
TX-1391,2026-02-13,Operacoes,Digital,Sudeste,Beta Logistica,Bruno,10388.08,311.28,6642.66,10076.8,3434.1399999999994,0.3407966814861861,2026-02
TX-1422,2026-02-13,Comercial,Digital,Nordeste,Foco Energia,Diego,23405.38,1540.69,11479.43,21864.690000000002,10385.260000000002,0.47497860706005895,2026-02
TX-1417,2026-02-13,Operacoes,Direto,Nordeste,Gama Servicos,Elisa,14888.18,576.53,9999.33,14311.65,4312.32,0.30131536196036096,2026-02
TX-1423,2026-02-14,Operacoes,Direto,Sudeste,Evo Saude,Felipe,15444.22,263.12,10897.01,15181.099999999999,4284.089999999998,0.2821989183919478,2026-02
TX-1428,2026-02-14,Operacoes,Parceiros,Centro-Oeste,Crescer Educacao,Diego,13772.4,953.9,8992.93,12818.5,3825.5699999999997,0.2984413152865,2026-02
TX-1409,2026-02-15,Tecnologia,Parceiros,Sul,Crescer Educacao,Diego,24805.64,1024.7,14977.37,23780.94,8803.569999999998,0.37019436573995806,2026-02
TX-1405,2026-02-15,Marketing,Digital,Centro-Oeste,Alfa Industria,Diego,19148.43,1373.2,12349.27,17775.23,5425.959999999999,0.305253996713404,2026-02
TX-1393,2026-02-16,Tecnologia,Direto,Centro-Oeste,Delta Varejo,Ana,19389.95,329.56,11714.42,19060.39,7345.969999999999,0.3854050205688341,2026-02
TX-1429,2026-02-17,Operacoes,Parceiros,Nordeste,Evo Saude,Ana,28061.08,1247.94,19072.82,26813.140000000003,7740.320000000003,0.28867637285301173,2026-02
TX-1382,2026-02-17,Marketing,Direto,Nordeste,Gama Servicos,Elisa,15636.33,727.87,11245.31,14908.46,3663.1499999999996,0.24570948307202756,2026-02
TX-1427,2026-02-18,Operacoes,Parceiros,Centro-Oeste,Foco Energia,Ana,17311.05,1306.07,11111.28,16004.98,4893.699999999999,0.30576108186327,2026-02
TX-1404,2026-02-18,Tecnologia,Digital,Centro-Oeste,Gama Servicos,Felipe,26487.46,1790.7,15923.92,24696.76,8772.839999999998,0.35522230446422925,2026-02
TX-1418,2026-02-18,Comercial,Direto,Sudeste,Evo Saude,Ana,22127.71,1604.33,11503.3,20523.379999999997,9020.079999999998,0.43950265502076163,2026-02
TX-1399,2026-02-19,Comercial,Digital,Nordeste,Alfa Industria,Carla,22460.81,1190.29,12834.09,21270.52,8436.43,0.39662547036931867,2026-02
TX-1397,2026-02-20,Marketing,Digital,Centro-Oeste,Delta Varejo,Ana,14705.02,275.11,10847.67,14429.91,3582.24,0.2482510285926939,2026-02
TX-1386,2026-02-20,Comercial,Parceiros,Sul,Horizonte Tech,Carla,21972.07,1086.13,11350.49,20885.94,9535.449999999999,0.4565487595961685,2026-02
TX-1381,2026-02-21,Tecnologia,Direto,Sul,Beta Logistica,Ana,20753.55,1373.66,12491.84,19379.89,6888.049999999999,0.3554225539979845,2026-02
TX-1398,2026-02-21,Tecnologia,Digital,Nordeste,Delta Varejo,Elisa,24074.21,1842.8,13556.86,22231.41,8674.55,0.3901934245286286,2026-02
TX-1411,2026-02-22,Comercial,Parceiros,Sudeste,Foco Energia,Elisa,21548.31,645.84,10998.32,20902.47,9904.150000000001,0.47382677740955975,2026-02
TX-1431,2026-02-22,Operacoes,Parceiros,Sul,Gama Servicos,Diego,20207.43,242.09,14584.22,19965.34,5381.120000000001,0.26952308350371196,2026-02
TX-1379,2026-02-22,Operacoes,Digital,Sudeste,Delta Varejo,Bruno,17652.96,631.56,11930.18,17021.399999999998,5091.2199999999975,0.29910700647420296,2026-02
TX-1395,2026-02-22,Comercial,Parceiros,Sudeste,Foco Energia,Bruno,25711.3,303.94,15371.76,25407.36,10035.6,0.3949879090153404,2026-02
TX-1413,2026-02-22,Comercial,Digital,Centro-Oeste,Gama Servicos,Elisa,28234.22,345.88,15766.64,27888.34,12121.7,0.43465118397150926,2026-02
TX-1420,2026-02-22,Comercial,Parceiros,Sul,Gama Servicos,Bruno,25371.18,564.47,14029.18,24806.71,10777.529999999999,0.43446027304709084,2026-02
TX-1430,2026-02-23,Comercial,Direto,Sudeste,Alfa Industria,Bruno,27520.14,1683.46,13792.88,25836.68,12043.800000000001,0.466151223764044,2026-02
TX-1425,2026-02-23,Comercial,Parceiros,Nordeste,Alfa Industria,Bruno,23361.88,813.71,12706.68,22548.170000000002,9841.490000000002,0.4364651322036334,2026-02
TX-1384,2026-02-23,Marketing,Parceiros,Nordeste,Delta Varejo,Felipe,12225.08,577.87,8476.38,11647.21,3170.83,0.2722394461849662,2026-02
TX-1380,2026-02-24,Tecnologia,Direto,Sudeste,Crescer Educacao,Ana,19483.48,883.79,10684.57,18599.69,7915.119999999999,0.4255511785411477,2026-02
TX-1407,2026-02-24,Tecnologia,Direto,Centro-Oeste,Foco Energia,Carla,14403.14,250.84,8966.82,14152.3,5185.48,0.3664054605965108,2026-02
TX-1390,2026-02-24,Tecnologia,Direto,Nordeste,Evo Saude,Bruno,24773.7,547.62,14556.27,24226.08,9669.810000000001,0.39914876859979,2026-02
TX-1483,2026-03-01,Tecnologia,Parceiros,Sul,Alfa Industria,Ana,17238.54,321.76,10685.66,16916.780000000002,6231.120000000003,0.3683396012716369,2026-03
TX-1476,2026-03-01,Operacoes,Digital,Sul,Crescer Educacao,Elisa,14346.87,792.66,8982.52,13554.210000000001,4571.6900000000005,0.3372892997821341,2026-03
TX-1481,2026-03-02,Operacoes,Parceiros,Centro-Oeste,Alfa Industria,Ana,19034.7,594.52,12523.07,18440.18,5917.110000000001,0.3208813579910825,2026-03
TX-1436,2026-03-02,Comercial,Digital,Nordeste,Delta Varejo,Diego,25928.12,681.36,13895.33,25246.76,11351.429999999998,0.449619277879617,2026-03
TX-1446,2026-03-03,Operacoes,Parceiros,Sul,Beta Logistica,Elisa,16861.66,798.18,10768.07,16063.48,5295.41,0.32965521792289093,2026-03
TX-1461,2026-03-03,Comercial,Parceiros,Centro-Oeste,Delta Varejo,Elisa,24116.91,735.7,13170.69,23381.21,10210.519999999999,0.4366976730460057,2026-03
TX-1484,2026-03-04,Comercial,Digital,Centro-Oeste,Beta Logistica,Ana,22234.88,708.12,12680.19,21526.760000000002,8846.570000000002,0.4109568741417659,2026-03
TX-1450,2026-03-04,Tecnologia,Digital,Centro-Oeste,Beta Logistica,Ana,17942.26,486.66,10771.42,17455.6,6684.1799999999985,0.38292467746740294,2026-03
TX-1458,2026-03-04,Comercial,Direto,Centro-Oeste,Evo Saude,Felipe,19186.78,1254.06,10345.5,17932.719999999998,7587.2199999999975,0.4230936522736093,2026-03
TX-1482,2026-03-04,Operacoes,Digital,Sul,Beta Logistica,Carla,19808.45,1217.34,12469.66,18591.11,6121.450000000001,0.329267590800119,2026-03
TX-1443,2026-03-04,Marketing,Digital,Sudeste,Delta Varejo,Felipe,22928.68,1208.81,14501.31,21719.87,7218.5599999999995,0.332348213870525,2026-03
TX-1479,2026-03-05,Comercial,Digital,Centro-Oeste,Alfa Industria,Carla,20590.57,391.66,11539.22,20198.91,8659.69,0.4287206586890085,2026-03
TX-1468,2026-03-05,Operacoes,Direto,Centro-Oeste,Beta Logistica,Diego,13997.82,625.53,8751.4,13372.289999999999,4620.889999999999,0.34555711848905457,2026-03
TX-1438,2026-03-06,Tecnologia,Direto,Nordeste,Alfa Industria,Carla,24589.31,959.23,14802.78,23630.08,8827.300000000001,0.37356200232923464,2026-03
TX-1465,2026-03-06,Marketing,Direto,Sudeste,Evo Saude,Diego,13025.46,693.54,9012.31,12331.919999999998,3319.6099999999988,0.269188415104866,2026-03
TX-1447,2026-03-07,Marketing,Parceiros,Sudeste,Gama Servicos,Ana,16540.52,986.15,10742.09,15554.37,4812.280000000001,0.30938443665670806,2026-03
TX-1435,2026-03-07,Tecnologia,Parceiros,Sul,Gama Servicos,Bruno,24134.47,1570.81,13726.89,22563.66,8836.77,0.3916372609762778,2026-03
TX-1474,2026-03-07,Marketing,Direto,Sul,Delta Varejo,Diego,10959.11,466.69,7554.04,10492.42,2938.38,0.2800478821854253,2026-03
TX-1475,2026-03-07,Comercial,Digital,Centro-Oeste,Crescer Educacao,Diego,26819.79,635.08,15213.94,26184.71,10970.769999999999,0.41897618877581605,2026-03
TX-1477,2026-03-07,Operacoes,Direto,Sudeste,Gama Servicos,Elisa,18745.41,779.64,12449.84,17965.77,5515.93,0.3070244136488445,2026-03
TX-1457,2026-03-07,Comercial,Parceiros,Sudeste,Horizonte Tech,Diego,30012.5,439.52,17314.8,29572.98,12258.18,0.4145060795361171,2026-03
TX-1469,2026-03-07,Tecnologia,Direto,Sul,Alfa Industria,Carla,24456.77,663.1,14787.2,23793.670000000002,9006.470000000001,0.3785237838467122,2026-03
TX-1473,2026-03-08,Comercial,Parceiros,Centro-Oeste,Beta Logistica,Felipe,21626.35,1044.05,11331.26,20582.3,9251.039999999999,0.4494658031415342,2026-03
TX-1472,2026-03-08,Comercial,Digital,Centro-Oeste,Gama Servicos,Diego,26834.6,482.31,14990.0,26352.289999999997,11362.289999999997,0.43116898000135845,2026-03
TX-1470,2026-03-08,Tecnologia,Direto,Nordeste,Horizonte Tech,Ana,17423.8,1066.58,9806.38,16357.22,6550.84,0.40048614617887396,2026-03
TX-1453,2026-03-09,Comercial,Direto,Centro-Oeste,Foco Energia,Felipe,23666.74,647.43,13258.1,23019.31,9761.210000000001,0.4240444218354069,2026-03
TX-1434,2026-03-09,Tecnologia,Parceiros,Centro-Oeste,Foco Energia,Carla,24947.6,1692.66,14082.78,23254.94,9172.159999999998,0.39441770221724926,2026-03
TX-1454,2026-03-09,Comercial,Direto,Centro-Oeste,Crescer Educacao,Ana,27743.6,776.84,15683.06,26966.76,11283.699999999999,0.41842994857372556,2026-03
TX-1466,2026-03-10,Tecnologia,Digital,Sudeste,Horizonte Tech,Bruno,19802.69,1258.08,11350.23,18544.61,7194.380000000001,0.38794992183712684,2026-03
TX-1437,2026-03-10,Tecnologia,Direto,Centro-Oeste,Delta Varejo,Diego,20313.96,659.36,12239.18,19654.6,7415.419999999998,0.3772867420349434,2026-03
TX-1464,2026-03-10,Marketing,Direto,Sul,Crescer Educacao,Carla,10793.06,393.51,7512.52,10399.55,2887.029999999999,0.2776110504781456,2026-03
TX-1442,2026-03-10,Tecnologia,Direto,Nordeste,Beta Logistica,Bruno,16167.21,189.09,9636.41,15978.119999999999,6341.709999999999,0.396899635251206,2026-03
TX-1460,2026-03-10,Tecnologia,Digital,Nordeste,Evo Saude,Diego,11611.77,722.22,6364.5,10889.550000000001,4525.050000000001,0.415540587076601,2026-03
TX-1463,2026-03-10,Operacoes,Parceiros,Sudeste,Delta Varejo,Bruno,10931.96,546.06,7028.34,10385.9,3357.5599999999995,0.32328060158484095,2026-03
TX-1448,2026-03-11,Operacoes,Parceiros,Sul,Crescer Educacao,Carla,15637.8,801.99,10001.98,14835.81,4833.83,0.32582177852102445,2026-03
TX-1444,2026-03-11,Comercial,Digital,Sul,Beta Logistica,Carla,20240.38,797.59,10940.23,19442.79,8502.560000000001,0.43731172326605394,2026-03
TX-1441,2026-03-11,Tecnologia,Direto,Nordeste,Crescer Educacao,Bruno,22049.39,470.33,14167.98,21579.059999999998,7411.079999999998,0.34343850010148724,2026-03
TX-1439,2026-03-11,Comercial,Direto,Sudeste,Gama Servicos,Diego,27346.26,1339.57,15119.98,26006.69,10886.71,0.4186119033217991,2026-03
TX-1467,2026-03-12,Operacoes,Parceiros,Sudeste,Gama Servicos,Diego,16700.62,457.72,11244.04,16242.9,4998.859999999999,0.30775661981542696,2026-03
TX-1452,2026-03-12,Marketing,Digital,Centro-Oeste,Evo Saude,Bruno,16768.77,1079.38,11397.69,15689.39,4291.699999999999,0.2735415462296494,2026-03
TX-1480,2026-03-13,Marketing,Digital,Nordeste,Gama Servicos,Diego,13062.58,169.91,9031.81,12892.67,3860.8600000000006,0.29946163207465953,2026-03
TX-1462,2026-03-15,Comercial,Direto,Sul,Beta Logistica,Carla,26782.91,2045.42,14576.37,24737.489999999998,10161.119999999997,0.41075792248930665,2026-03
TX-1459,2026-03-15,Tecnologia,Digital,Sudeste,Evo Saude,Elisa,20837.77,514.82,12158.37,20322.95,8164.58,0.4017418731040523,2026-03
TX-1455,2026-03-15,Comercial,Direto,Centro-Oeste,Horizonte Tech,Diego,21983.03,1221.31,11605.19,20761.719999999998,9156.529999999997,0.4410294522804468,2026-03
TX-1456,2026-03-16,Operacoes,Digital,Sudeste,Evo Saude,Elisa,21085.73,1258.82,12744.78,19826.91,7082.129999999999,0.3571978689568873,2026-03
TX-1432,2026-03-16,Tecnologia,Direto,Centro-Oeste,Horizonte Tech,Felipe,24449.29,737.06,14256.89,23712.23,9455.34,0.3987537232896273,2026-03
TX-1449,2026-03-18,Tecnologia,Digital,Nordeste,Gama Servicos,Carla,23960.53,1184.12,14084.6,22776.41,8691.81,0.381614574026372,2026-03
TX-1485,2026-03-18,Operacoes,Parceiros,Sudeste,Gama Servicos,Diego,16491.77,275.96,11506.8,16215.810000000001,4709.010000000002,0.29039622442542196,2026-03
TX-1478,2026-03-21,Comercial,Direto,Centro-Oeste,Delta Varejo,Ana,22604.65,482.67,12099.15,22121.980000000003,10022.830000000004,0.4530711084631666,2026-03
TX-1451,2026-03-21,Comercial,Parceiros,Centro-Oeste,Alfa Industria,Felipe,25530.35,1002.82,13187.35,24527.53,11340.179999999998,0.4623449650250147,2026-03
TX-1471,2026-03-21,Operacoes,Direto,Nordeste,Alfa Industria,Diego,13137.24,965.28,8539.4,12171.96,3632.5599999999995,0.2984367349219024,2026-03
TX-1440,2026-03-23,Tecnologia,Direto,Sudeste,Crescer Educacao,Ana,23079.67,633.96,14236.07,22445.71,8209.64,0.3657554160683712,2026-03
TX-1433,2026-03-25,Operacoes,Parceiros,Nordeste,Beta Logistica,Bruno,22397.68,568.89,15440.62,21828.79,6388.17,0.29264883669685765,2026-03
TX-1445,2026-03-25,Tecnologia,Parceiros,Centro-Oeste,Delta Varejo,Diego,21384.08,1662.69,11941.11,19721.390000000003,7780.2800000000025,0.3945097176213239,2026-03
TX-1529,2026-04-01,Comercial,Direto,Centro-Oeste,Alfa Industria,Ana,26777.81,1734.13,14628.65,25043.68,10415.03,0.4158745839269628,2026-04
TX-1499,2026-04-01,Operacoes,Direto,Sudeste,Alfa Industria,Ana,13625.7,430.74,8918.17,13194.960000000001,4276.790000000001,0.32412299847820686,2026-04
TX-1535,2026-04-01,Marketing,Direto,Nordeste,Foco Energia,Elisa,8176.0,155.67,5926.64,8020.33,2093.6899999999996,0.2610478621203865,2026-04
TX-1528,2026-04-01,Operacoes,Digital,Centro-Oeste,Evo Saude,Diego,19792.1,652.49,13941.42,19139.609999999997,5198.189999999997,0.27159330832759904,2026-04
TX-1500,2026-04-02,Operacoes,Direto,Sul,Beta Logistica,Felipe,16569.95,719.07,11476.85,15850.880000000001,4374.030000000001,0.2759487170428393,2026-04
TX-1524,2026-04-03,Marketing,Parceiros,Sul,Beta Logistica,Carla,18833.39,639.56,13387.19,18193.829999999998,4806.639999999998,0.26419066243885964,2026-04
TX-1488,2026-04-04,Comercial,Digital,Sudeste,Beta Logistica,Diego,25295.46,395.57,12937.99,24899.89,11961.9,0.4803997126091722,2026-04
TX-1502,2026-04-04,Operacoes,Direto,Centro-Oeste,Alfa Industria,Diego,17138.31,751.39,11432.42,16386.920000000002,4954.500000000002,0.3023447969478097,2026-04
TX-1539,2026-04-05,Tecnologia,Digital,Sudeste,Evo Saude,Carla,22749.14,1056.93,12405.23,21692.21,9286.98,0.428125119570574,2026-04
TX-1517,2026-04-05,Tecnologia,Parceiros,Sul,Crescer Educacao,Felipe,20691.25,221.58,12409.61,20469.67,8060.059999999998,0.39375622567437574,2026-04
TX-1515,2026-04-08,Tecnologia,Digital,Sul,Evo Saude,Elisa,26203.08,1356.02,14738.49,24847.06,10108.570000000002,0.40683163319925986,2026-04
TX-1489,2026-04-08,Comercial,Direto,Nordeste,Gama Servicos,Carla,23819.72,1160.98,13396.27,22658.74,9262.470000000001,0.4087813355905933,2026-04
TX-1536,2026-04-10,Tecnologia,Direto,Nordeste,Foco Energia,Felipe,25957.28,1011.86,14700.09,24945.42,10245.329999999998,0.4107098617702167,2026-04
TX-1511,2026-04-10,Tecnologia,Digital,Nordeste,Beta Logistica,Carla,21086.27,1514.39,12668.97,19571.88,6902.910000000002,0.35269529549537404,2026-04
TX-1530,2026-04-10,Operacoes,Direto,Nordeste,Gama Servicos,Ana,26456.09,1726.76,17108.66,24729.33,7620.670000000002,0.3081632215672645,2026-04
TX-1509,2026-04-11,Operacoes,Digital,Sul,Alfa Industria,Felipe,16111.77,842.67,10202.68,15269.1,5066.42,0.3318086855151908,2026-04
TX-1498,2026-04-11,Marketing,Direto,Centro-Oeste,Delta Varejo,Elisa,18813.17,1467.34,12288.18,17345.829999999998,5057.649999999998,0.29157728399275207,2026-04
TX-1512,2026-04-12,Operacoes,Digital,Centro-Oeste,Gama Servicos,Ana,20819.79,359.05,14137.82,20460.74,6322.920000000002,0.3090269462394811,2026-04
TX-1486,2026-04-12,Marketing,Digital,Sul,Alfa Industria,Ana,13366.65,798.7,8988.81,12567.949999999999,3579.1399999999994,0.28478311896530456,2026-04
TX-1526,2026-04-12,Marketing,Direto,Sul,Alfa Industria,Diego,13499.74,666.02,9695.74,12833.72,3137.9799999999996,0.24451055500665433,2026-04
TX-1505,2026-04-13,Tecnologia,Digital,Sul,Beta Logistica,Ana,27791.04,1749.18,17227.67,26041.86,8814.190000000002,0.3384623832552668,2026-04
TX-1523,2026-04-13,Comercial,Direto,Centro-Oeste,Foco Energia,Ana,26256.37,689.12,15358.27,25567.25,10208.98,0.39929910334509966,2026-04
TX-1518,2026-04-13,Comercial,Direto,Nordeste,Foco Energia,Felipe,36138.35,2694.74,18323.22,33443.61,15120.39,0.45211596475380494,2026-04
TX-1490,2026-04-14,Tecnologia,Digital,Sul,Horizonte Tech,Elisa,24443.72,508.46,14506.79,23935.260000000002,9428.470000000001,0.39391550373799994,2026-04
TX-1525,2026-04-14,Comercial,Digital,Nordeste,Beta Logistica,Diego,24648.78,1841.27,12301.42,22807.51,10506.089999999998,0.4606416921443857,2026-04
TX-1519,2026-04-14,Marketing,Parceiros,Nordeste,Beta Logistica,Felipe,18322.23,527.61,12928.58,17794.62,4866.039999999999,0.27345568492049843,2026-04
TX-1516,2026-04-14,Operacoes,Direto,Centro-Oeste,Gama Servicos,Ana,20372.16,832.67,13211.65,19539.49,6327.840000000002,0.3238487800858672,2026-04
TX-1513,2026-04-15,Operacoes,Digital,Sudeste,Alfa Industria,Bruno,18643.84,229.33,13588.44,18414.51,4826.069999999998,0.26207974037864695,2026-04
TX-1507,2026-04-15,Comercial,Digital,Nordeste,Delta Varejo,Bruno,27707.09,2094.2,13993.73,25612.89,11619.16,0.453645020144154,2026-04
TX-1527,2026-04-15,Comercial,Direto,Centro-Oeste,Beta Logistica,Carla,20874.37,267.82,12200.03,20606.55,8406.519999999999,0.4079537816859202,2026-04
TX-1514,2026-04-15,Tecnologia,Digital,Sudeste,Foco Energia,Felipe,19456.5,958.08,10662.66,18498.42,7835.759999999998,0.4235907715361636,2026-04
TX-1497,2026-04-15,Marketing,Direto,Sul,Crescer Educacao,Elisa,12374.01,223.21,8546.81,12150.800000000001,3603.9900000000016,0.2966051618000462,2026-04
TX-1534,2026-04-16,Operacoes,Parceiros,Sul,Evo Saude,Felipe,17924.84,1115.45,11391.12,16809.39,5418.269999999999,0.3223359086796129,2026-04
TX-1504,2026-04-16,Tecnologia,Digital,Nordeste,Evo Saude,Diego,18472.82,745.12,10784.5,17727.7,6943.200000000001,0.39165825233955903,2026-04
TX-1495,2026-04-17,Tecnologia,Parceiros,Sudeste,Evo Saude,Ana,19417.9,346.58,11949.84,19071.32,7121.48,0.3734130621267956,2026-04
TX-1521,2026-04-17,Comercial,Direto,Centro-Oeste,Gama Servicos,Elisa,27860.39,1299.4,14485.54,26560.989999999998,12075.449999999997,0.45463102090697666,2026-04
TX-1503,2026-04-17,Comercial,Digital,Nordeste,Alfa Industria,Diego,25619.71,425.19,14454.31,25194.52,10740.210000000001,0.42629151101112467,2026-04
TX-1537,2026-04-18,Tecnologia,Parceiros,Sul,Evo Saude,Felipe,33063.4,2205.18,18838.3,30858.22,12019.920000000002,0.38952084728153474,2026-04
TX-1510,2026-04-18,Tecnologia,Direto,Sudeste,Beta Logistica,Carla,17028.88,1295.73,9900.23,15733.150000000001,5832.920000000002,0.3707407607503902,2026-04
TX-1496,2026-04-18,Comercial,Direto,Nordeste,Horizonte Tech,Felipe,26479.33,792.81,13949.95,25686.52,11736.57,0.45691553390650036,2026-04
TX-1493,2026-04-19,Tecnologia,Digital,Sul,Evo Saude,Elisa,21503.89,637.4,13144.73,20866.489999999998,7721.759999999998,0.37005552922412915,2026-04
TX-1520,2026-04-19,Comercial,Direto,Sudeste,Foco Energia,Carla,21856.02,1636.69,10931.64,20219.33,9287.690000000002,0.4593470703529742,2026-04
TX-1531,2026-04-20,Operacoes,Digital,Sul,Evo Saude,Carla,17377.08,551.29,12336.08,16825.79,4489.710000000001,0.2668350193363878,2026-04
TX-1522,2026-04-20,Tecnologia,Parceiros,Centro-Oeste,Beta Logistica,Diego,22440.67,1019.22,14291.09,21421.449999999997,7130.359999999997,0.33286075405726495,2026-04
TX-1508,2026-04-20,Comercial,Direto,Sul,Alfa Industria,Felipe,20025.94,342.94,11442.07,19683.0,8240.93,0.41868261951938224,2026-04
TX-1501,2026-04-20,Marketing,Direto,Nordeste,Foco Energia,Elisa,15421.25,1190.18,10851.82,14231.07,3379.25,0.2374557921505551,2026-04
TX-1532,2026-04-21,Tecnologia,Digital,Sul,Horizonte Tech,Bruno,24652.65,1200.26,14693.06,23452.390000000003,8759.330000000004,0.3734941300225692,2026-04
TX-1487,2026-04-22,Tecnologia,Digital,Sul,Gama Servicos,Carla,22099.78,1005.68,12678.42,21094.1,8415.679999999998,0.39895895060704173,2026-04
TX-1538,2026-04-23,Operacoes,Digital,Centro-Oeste,Evo Saude,Felipe,13219.04,1030.93,8513.67,12188.11,3674.4400000000005,0.30147742348895773,2026-04
TX-1491,2026-04-23,Operacoes,Direto,Sudeste,Beta Logistica,Ana,21858.24,856.17,14464.21,21002.070000000003,6537.860000000004,0.3112959817770345,2026-04
TX-1506,2026-04-24,Marketing,Direto,Sudeste,Alfa Industria,Carla,12385.91,345.76,8604.02,12040.15,3436.129999999999,0.2853893016283019,2026-04
TX-1533,2026-04-24,Tecnologia,Digital,Nordeste,Evo Saude,Elisa,19658.92,1167.09,12165.63,18491.829999999998,6326.199999999999,0.3421078389753745,2026-04
TX-1494,2026-04-25,Operacoes,Digital,Sul,Beta Logistica,Bruno,26069.79,514.37,17460.43,25555.420000000002,8094.990000000002,0.3167621584775363,2026-04
TX-1492,2026-04-25,Comercial,Parceiros,Nordeste,Beta Logistica,Felipe,29211.94,1726.1,15022.77,27485.84,12463.07,0.4534360237853382,2026-04
TX-1592,2026-05-01,Tecnologia,Direto,Sudeste,Evo Saude,Elisa,19156.98,626.22,11276.01,18530.76,7254.749999999998,0.39149770435751147,2026-05
TX-1546,2026-05-01,Comercial,Parceiros,Nordeste,Gama Servicos,Bruno,28484.06,1904.25,14303.7,26579.81,12276.11,0.4618584557225955,2026-05
TX-1583,2026-05-01,Comercial,Direto,Centro-Oeste,Horizonte Tech,Diego,25847.25,1397.59,13266.13,24449.66,11183.53,0.45741045069747394,2026-05
TX-1582,2026-05-02,Tecnologia,Direto,Nordeste,Beta Logistica,Bruno,22156.12,245.73,14012.68,21910.39,7897.709999999999,0.3604550170033486,2026-05
TX-1548,2026-05-02,Operacoes,Digital,Nordeste,Gama Servicos,Diego,19458.67,1209.74,12099.35,18248.929999999997,6149.579999999996,0.3369830450333251,2026-05
TX-1541,2026-05-02,Comercial,Direto,Centro-Oeste,Evo Saude,Bruno,18771.02,403.7,9394.49,18367.32,8972.83,0.48852146094258714,2026-05
TX-1553,2026-05-05,Comercial,Direto,Centro-Oeste,Horizonte Tech,Diego,26241.95,864.04,15188.9,25377.91,10189.01,0.4014912969586542,2026-05
TX-1568,2026-05-05,Operacoes,Digital,Centro-Oeste,Horizonte Tech,Diego,17232.71,1057.98,10735.14,16174.73,5439.59,0.3363017497046319,2026-05
TX-1543,2026-05-06,Tecnologia,Direto,Sudeste,Beta Logistica,Felipe,17466.58,761.64,9495.13,16704.940000000002,7209.810000000003,0.4315974795479662,2026-05
TX-1555,2026-05-07,Tecnologia,Digital,Centro-Oeste,Beta Logistica,Elisa,19621.15,1114.31,11311.38,18506.84,7195.460000000001,0.3888000328527183,2026-05
TX-1585,2026-05-07,Operacoes,Direto,Nordeste,Evo Saude,Ana,30429.62,1941.29,19606.38,28488.329999999998,8881.949999999997,0.3117750320920882,2026-05
TX-1576,2026-05-08,Comercial,Direto,Centro-Oeste,Alfa Industria,Carla,17436.16,573.38,8611.18,16862.78,8251.599999999999,0.4893380569514635,2026-05
TX-1554,2026-05-08,Operacoes,Digital,Nordeste,Evo Saude,Bruno,24584.1,520.73,16320.23,24063.37,7743.139999999999,0.3217811968980238,2026-05
TX-1584,2026-05-08,Comercial,Parceiros,Centro-Oeste,Delta Varejo,Ana,30050.57,430.07,16119.2,29620.5,13501.3,0.45580932124710927,2026-05
TX-1547,2026-05-08,Operacoes,Direto,Sul,Evo Saude,Carla,18715.91,589.43,12940.18,18126.48,5186.299999999999,0.28611732669553047,2026-05
TX-1544,2026-05-08,Marketing,Direto,Sudeste,Gama Servicos,Felipe,19665.32,670.25,14010.38,18995.07,4984.6900000000005,0.26242019639832864,2026-05
TX-1581,2026-05-09,Comercial,Parceiros,Nordeste,Delta Varejo,Elisa,24101.43,1189.72,12911.92,22911.71,9999.789999999999,0.43644887265071003,2026-05
TX-1559,2026-05-10,Comercial,Digital,Sul,Evo Saude,Bruno,31151.06,959.86,17805.52,30191.2,12385.68,0.41024139484353056,2026-05
TX-1540,2026-05-10,Tecnologia,Digital,Centro-Oeste,Delta Varejo,Carla,21295.92,374.83,13143.11,20921.089999999997,7777.979999999996,0.3717769963228492,2026-05
TX-1549,2026-05-11,Operacoes,Direto,Sul,Foco Energia,Elisa,22033.7,1455.32,14115.98,20578.38,6462.4000000000015,0.3140383256602318,2026-05
TX-1573,2026-05-12,Comercial,Direto,Sudeste,Alfa Industria,Elisa,27148.51,1899.17,14286.61,25249.339999999997,10962.729999999996,0.4341788735863986,2026-05
TX-1572,2026-05-12,Tecnologia,Digital,Centro-Oeste,Gama Servicos,Elisa,21221.4,1660.52,12102.49,19560.88,7458.390000000001,0.381291128006511,2026-05
TX-1590,2026-05-12,Tecnologia,Parceiros,Sul,Beta Logistica,Carla,23866.58,851.37,14306.86,23015.210000000003,8708.350000000002,0.3783736928752769,2026-05
TX-1593,2026-05-12,Tecnologia,Parceiros,Centro-Oeste,Foco Energia,Carla,19123.03,340.51,10788.27,18782.52,7994.25,0.4256218015473962,2026-05
TX-1550,2026-05-12,Comercial,Direto,Sul,Alfa Industria,Carla,26854.34,885.25,14211.12,25969.09,11757.97,0.4527678867453576,2026-05
TX-1587,2026-05-12,Operacoes,Direto,Sul,Foco Energia,Elisa,18224.12,782.05,11642.58,17442.07,5799.49,0.3325000988988119,2026-05
TX-1575,2026-05-12,Operacoes,Direto,Sul,Alfa Industria,Felipe,15435.35,525.84,10236.54,14909.51,4672.969999999999,0.3134221044152356,2026-05
TX-1556,2026-05-13,Operacoes,Parceiros,Centro-Oeste,Delta Varejo,Carla,17151.07,299.24,11185.84,16851.829999999998,5665.989999999998,0.3362240184003754,2026-05
TX-1552,2026-05-13,Tecnologia,Direto,Sudeste,Beta Logistica,Diego,25210.91,1903.14,14427.31,23307.77,8880.460000000001,0.38100856495494856,2026-05
TX-1578,2026-05-13,Operacoes,Digital,Nordeste,Alfa Industria,Elisa,15009.17,982.65,8757.29,14026.52,5269.23,0.37566196034369176,2026-05
TX-1566,2026-05-13,Operacoes,Direto,Sudeste,Delta Varejo,Elisa,22068.93,683.23,15065.93,21385.7,6319.77,0.29551382465853354,2026-05
TX-1545,2026-05-13,Marketing,Parceiros,Nordeste,Alfa Industria,Felipe,7984.5,367.31,5343.85,7617.19,2273.3399999999992,0.29844864050916403,2026-05
TX-1560,2026-05-14,Comercial,Direto,Sudeste,Beta Logistica,Felipe,27762.83,585.72,15268.38,27177.11,11908.730000000001,0.4381897118567795,2026-05
TX-1557,2026-05-15,Comercial,Parceiros,Nordeste,Foco Energia,Bruno,28708.48,722.45,15023.7,27986.03,12962.329999999998,0.46317144661104126,2026-05
TX-1589,2026-05-16,Marketing,Parceiros,Sudeste,Alfa Industria,Bruno,15351.44,940.47,10376.97,14410.970000000001,4034.000000000002,0.27992563998120884,2026-05
TX-1580,2026-05-16,Marketing,Digital,Sudeste,Beta Logistica,Elisa,11445.28,216.91,8446.97,11228.37,2781.4000000000015,0.24771182282023135,2026-05
TX-1558,2026-05-17,Comercial,Digital,Sul,Crescer Educacao,Bruno,26988.56,603.25,14302.34,26385.31,12082.970000000001,0.4579430751429489,2026-05
TX-1542,2026-05-19,Tecnologia,Parceiros,Nordeste,Horizonte Tech,Carla,23613.03,737.93,14312.82,22875.1,8562.279999999999,0.3743056860953613,2026-05
TX-1562,2026-05-19,Tecnologia,Direto,Sudeste,Crescer Educacao,Felipe,23889.21,840.79,14879.86,23048.42,8168.559999999998,0.3544086753018211,2026-05
TX-1570,2026-05-19,Operacoes,Digital,Centro-Oeste,Gama Servicos,Felipe,18965.99,1319.51,12292.36,17646.480000000003,5354.120000000003,0.3034100851841275,2026-05
TX-1569,2026-05-19,Marketing,Digital,Centro-Oeste,Evo Saude,Carla,20769.38,1269.4,13880.64,19499.98,5619.34,0.2881715776118745,2026-05
TX-1579,2026-05-19,Marketing,Parceiros,Sudeste,Crescer Educacao,Diego,11082.31,759.45,7739.5,10322.859999999999,2583.3599999999988,0.2502562274408448,2026-05
TX-1563,2026-05-20,Marketing,Digital,Sudeste,Alfa Industria,Elisa,21226.83,1061.47,14494.79,20165.36,5670.57,0.2812035093844097,2026-05
TX-1577,2026-05-20,Tecnologia,Parceiros,Centro-Oeste,Crescer Educacao,Felipe,20308.63,1144.26,11816.38,19164.370000000003,7347.990000000003,0.38341933494291763,2026-05
TX-1564,2026-05-20,Comercial,Direto,Nordeste,Crescer Educacao,Carla,22609.68,996.93,11348.81,21612.75,10263.94,0.47490208326103805,2026-05
TX-1586,2026-05-21,Operacoes,Digital,Nordeste,Evo Saude,Diego,17060.21,493.93,12088.2,16566.28,4478.079999999998,0.2703129489541405,2026-05
TX-1591,2026-05-21,Tecnologia,Digital,Sudeste,Horizonte Tech,Elisa,25566.61,401.42,16447.9,25165.190000000002,8717.29,0.346402709456992,2026-05
TX-1574,2026-05-22,Comercial,Direto,Nordeste,Evo Saude,Elisa,24836.57,786.57,13726.22,24050.0,10323.78,0.4292632016632017,2026-05
TX-1588,2026-05-22,Comercial,Parceiros,Nordeste,Foco Energia,Ana,22379.1,667.09,11747.4,21712.01,9964.609999999999,0.45894461176095624,2026-05
TX-1561,2026-05-23,Marketing,Parceiros,Sudeste,Crescer Educacao,Ana,18225.79,489.06,12661.8,17736.73,5074.93,0.28612545830037445,2026-05
TX-1567,2026-05-23,Comercial,Direto,Sudeste,Foco Energia,Bruno,28054.68,1624.41,15264.37,26430.27,11165.9,0.4224663614862807,2026-05
TX-1565,2026-05-24,Operacoes,Parceiros,Sudeste,Gama Servicos,Diego,19884.01,253.0,14354.09,19631.01,5276.919999999998,0.2688053238218512,2026-05
TX-1551,2026-05-25,Marketing,Digital,Sul,Crescer Educacao,Ana,15619.24,1196.27,10638.55,14422.97,3784.42,0.26238839850599427,2026-05
TX-1571,2026-05-25,Comercial,Direto,Centro-Oeste,Delta Varejo,Diego,31106.15,1959.2,16794.04,29146.95,12352.91,0.42381484169012534,2026-05
TX-1609,2026-06-02,Comercial,Parceiros,Sul,Alfa Industria,Diego,21429.87,1192.08,11465.77,20237.79,8772.02,0.43344752564385736,2026-06
TX-1618,2026-06-02,Tecnologia,Digital,Centro-Oeste,Delta Varejo,Diego,25733.0,1782.74,14879.45,23950.26,9070.809999999998,0.3787353456705688,2026-06
TX-1634,2026-06-02,Operacoes,Parceiros,Nordeste,Delta Varejo,Carla,19288.73,907.11,12764.66,18381.62,5616.959999999999,0.3055748078787397,2026-06
TX-1624,2026-06-02,Comercial,Direto,Centro-Oeste,Delta Varejo,Bruno,24186.57,1341.02,13574.69,22845.55,9270.859999999999,0.4058059447025788,2026-06
TX-1622,2026-06-04,Operacoes,Digital,Nordeste,Crescer Educacao,Elisa,17568.14,896.49,12155.18,16671.649999999998,4516.4699999999975,0.27090719874757435,2026-06
TX-1610,2026-06-04,Comercial,Parceiros,Sudeste,Horizonte Tech,Carla,16266.96,244.47,8721.24,16022.49,7301.25,0.4556875991184891,2026-06
TX-1647,2026-06-04,Comercial,Digital,Nordeste,Delta Varejo,Bruno,21444.46,1119.92,11771.22,20324.54,8553.320000000002,0.42083707675548876,2026-06
TX-1620,2026-06-05,Tecnologia,Parceiros,Sul,Delta Varejo,Diego,15450.81,1181.56,8496.18,14269.25,5773.07,0.4045811798097307,2026-06
TX-1627,2026-06-05,Comercial,Parceiros,Nordeste,Evo Saude,Felipe,28559.83,1467.27,13655.44,27092.56,13437.12,0.4959708495616509,2026-06
TX-1635,2026-06-07,Comercial,Digital,Sudeste,Delta Varejo,Diego,23099.92,934.53,12204.41,22165.39,9960.98,0.44939340115378074,2026-06
TX-1597,2026-06-08,Tecnologia,Digital,Centro-Oeste,Gama Servicos,Elisa,22685.82,532.25,13587.04,22153.57,8566.529999999999,0.3866884660124756,2026-06
TX-1605,2026-06-08,Tecnologia,Direto,Sudeste,Alfa Industria,Diego,18445.76,1403.83,11070.34,17041.93,5971.59,0.35040573456175445,2026-06
TX-1628,2026-06-08,Comercial,Digital,Nordeste,Alfa Industria,Felipe,26942.85,1325.07,13599.01,25617.78,12018.769999999999,0.4691573586782305,2026-06
TX-1646,2026-06-08,Comercial,Direto,Nordeste,Crescer Educacao,Carla,21358.06,1236.99,10892.12,20121.07,9228.949999999999,0.4586709354919991,2026-06
TX-1594,2026-06-09,Comercial,Digital,Nordeste,Horizonte Tech,Carla,31926.66,363.92,18051.43,31562.74,13511.310000000001,0.4280778538238442,2026-06
TX-1630,2026-06-09,Tecnologia,Digital,Centro-Oeste,Crescer Educacao,Diego,23803.95,684.39,15118.23,23119.56,8001.330000000002,0.3460848735875597,2026-06
TX-1606,2026-06-09,Marketing,Direto,Nordeste,Beta Logistica,Ana,17938.71,312.5,12728.31,17626.21,4897.9,0.2778759585866729,2026-06
TX-1603,2026-06-09,Operacoes,Digital,Sudeste,Gama Servicos,Bruno,30326.87,501.16,21184.37,29825.71,8641.34,0.28972788912652875,2026-06
TX-1625,2026-06-10,Comercial,Digital,Centro-Oeste,Crescer Educacao,Diego,29705.19,940.93,15904.16,28764.26,12860.099999999999,0.4470860713955443,2026-06
TX-1616,2026-06-11,Comercial,Parceiros,Nordeste,Foco Energia,Diego,28027.96,1842.91,13944.07,26185.05,12240.98,0.4674797260268741,2026-06
TX-1636,2026-06-11,Tecnologia,Digital,Sudeste,Alfa Industria,Elisa,25772.65,1305.67,15229.73,24466.980000000003,9237.250000000004,0.3775394429553628,2026-06
TX-1633,2026-06-11,Tecnologia,Direto,Centro-Oeste,Gama Servicos,Elisa,23411.77,267.5,14367.59,23144.27,8776.68,0.3792161083499285,2026-06
TX-1637,2026-06-12,Comercial,Direto,Sul,Beta Logistica,Diego,25847.44,765.5,14562.64,25081.94,10519.3,0.41939738313703007,2026-06
TX-1599,2026-06-13,Tecnologia,Direto,Sul,Delta Varejo,Diego,27743.02,1027.77,16704.19,26715.25,10011.060000000001,0.3747320350736003,2026-06
TX-1631,2026-06-13,Marketing,Parceiros,Centro-Oeste,Evo Saude,Ana,18764.6,1352.79,12625.13,17411.809999999998,4786.6799999999985,0.27490996053827826,2026-06
TX-1617,2026-06-13,Marketing,Direto,Nordeste,Gama Servicos,Ana,16611.48,578.98,11657.56,16032.5,4374.9400000000005,0.2728794635895837,2026-06
TX-1644,2026-06-14,Operacoes,Parceiros,Nordeste,Beta Logistica,Elisa,20030.12,466.79,13225.54,19563.329999999998,6337.789999999997,0.3239627404945885,2026-06
TX-1615,2026-06-14,Comercial,Digital,Sudeste,Horizonte Tech,Bruno,28533.76,460.58,16718.82,28073.179999999997,11354.359999999997,0.4044557830641202,2026-06
TX-1614,2026-06-14,Operacoes,Direto,Sul,Evo Saude,Bruno,20757.98,458.04,13842.99,20299.94,6456.949999999999,0.31807729480973834,2026-06
TX-1598,2026-06-14,Tecnologia,Parceiros,Nordeste,Gama Servicos,Ana,27426.72,1834.94,15907.09,25591.780000000002,9684.690000000002,0.3784297145411535,2026-06
TX-1608,2026-06-15,Marketing,Direto,Nordeste,Beta Logistica,Felipe,17478.96,813.33,11579.86,16665.629999999997,5085.769999999997,0.3051651812742751,2026-06
TX-1602,2026-06-16,Tecnologia,Parceiros,Sudeste,Crescer Educacao,Carla,17807.09,813.99,10409.96,16993.1,6583.139999999999,0.3874007685472339,2026-06
TX-1632,2026-06-16,Tecnologia,Digital,Centro-Oeste,Foco Energia,Ana,25322.32,1668.49,14569.78,23653.829999999998,9084.049999999997,0.384041400483558,2026-06
TX-1638,2026-06-16,Comercial,Parceiros,Centro-Oeste,Horizonte Tech,Bruno,24323.54,931.37,13193.36,23392.170000000002,10198.810000000001,0.43599247098494925,2026-06
TX-1612,2026-06-17,Comercial,Digital,Sul,Crescer Educacao,Felipe,34454.01,1163.73,19514.63,33290.28,13775.649999999998,0.4138039692066272,2026-06
TX-1639,2026-06-18,Marketing,Parceiros,Nordeste,Evo Saude,Felipe,14525.22,947.53,10084.82,13577.689999999999,3492.869999999999,0.25725068108050775,2026-06
TX-1645,2026-06-18,Tecnologia,Direto,Sudeste,Alfa Industria,Elisa,27343.88,490.66,17123.21,26853.22,9730.010000000002,0.36234053122865717,2026-06
TX-1623,2026-06-18,Marketing,Parceiros,Sul,Horizonte Tech,Bruno,17477.88,655.42,12387.15,16822.460000000003,4435.310000000003,0.2636540672410576,2026-06
TX-1595,2026-06-18,Tecnologia,Digital,Centro-Oeste,Delta Varejo,Bruno,22410.82,1772.3,13340.45,20638.52,7298.07,0.35361401883468385,2026-06
TX-1607,2026-06-18,Comercial,Direto,Sul,Alfa Industria,Ana,20552.74,335.53,11118.58,20217.210000000003,9098.630000000003,0.45004379931751226,2026-06
TX-1629,2026-06-18,Operacoes,Parceiros,Centro-Oeste,Horizonte Tech,Elisa,20566.38,952.24,12793.95,19614.14,6820.189999999999,0.34771802383382594,2026-06
TX-1626,2026-06-19,Operacoes,Digital,Nordeste,Gama Servicos,Carla,22203.95,498.91,14427.52,21705.04,7277.52,0.33529171104959954,2026-06
TX-1619,2026-06-19,Comercial,Parceiros,Sudeste,Crescer Educacao,Bruno,22395.42,977.32,12029.58,21418.1,9388.519999999999,0.4383451379907648,2026-06
TX-1604,2026-06-19,Operacoes,Direto,Centro-Oeste,Horizonte Tech,Felipe,18592.95,1333.49,12716.84,17259.46,4542.619999999999,0.2631959516694033,2026-06
TX-1621,2026-06-21,Operacoes,Parceiros,Centro-Oeste,Delta Varejo,Felipe,21881.31,1679.16,14060.43,20202.15,6141.720000000001,0.3040131867152754,2026-06
TX-1596,2026-06-21,Comercial,Digital,Centro-Oeste,Evo Saude,Elisa,22312.75,1028.84,11758.77,21283.91,9525.14,0.44752773339109214,2026-06
TX-1600,2026-06-22,Tecnologia,Digital,Sudeste,Crescer Educacao,Bruno,23939.34,960.81,14893.09,22978.53,8085.439999999999,0.35186933193724745,2026-06
TX-1613,2026-06-22,Comercial,Digital,Sudeste,Delta Varejo,Ana,23350.15,534.48,14052.7,22815.670000000002,8762.970000000001,0.38407682088669765,2026-06
TX-1641,2026-06-23,Operacoes,Digital,Sul,Beta Logistica,Ana,28567.6,553.47,19865.77,28014.129999999997,8148.359999999997,0.29086607365640116,2026-06
TX-1643,2026-06-23,Comercial,Digital,Sudeste,Alfa Industria,Diego,32189.57,783.93,16978.08,31405.64,14427.559999999998,0.45939391778037314,2026-06
TX-1640,2026-06-23,Operacoes,Digital,Sul,Delta Varejo,Carla,18508.42,1125.36,12002.9,17383.059999999998,5380.159999999998,0.3095059212819837,2026-06
TX-1601,2026-06-24,Comercial,Direto,Sudeste,Alfa Industria,Felipe,30596.18,1455.25,15897.72,29140.93,13243.210000000001,0.45445392442863014,2026-06
TX-1611,2026-06-25,Marketing,Direto,Sudeste,Beta Logistica,Ana,17572.67,274.97,12340.82,17297.699999999997,4956.879999999997,0.2865629534562397,2026-06
TX-1642,2026-06-25,Operacoes,Parceiros,Centro-Oeste,Alfa Industria,Ana,22008.06,1507.82,13921.57,20500.24,6578.670000000002,0.32090697474761276,2026-06
