id_transacao,data,area,canal,regiao,cliente,responsavel,receita_bruta,desconto,custo
TX-1023,2025-07-01,Operacoes,Direto,Sudeste,Foco Energia,Elisa,17221.78,341.29,12084.6
TX-1013,2025-07-01,Comercial,Digital,Nordeste,Horizonte Tech,Ana,16455.81,696.6,9010.09
TX-1027,2025-07-02,Tecnologia,Digital,Centro-Oeste,Beta Logistica,Felipe,14393.84,1042.36,7750.84
TX-1016,2025-07-02,Operacoes,Direto,Sul,Horizonte Tech,Ana,19427.56,805.38,12944.95
TX-1043,2025-07-02,Comercial,Digital,Sul,Crescer Educacao,Ana,31693.52,870.21,16048.65
TX-1018,2025-07-03,Operacoes,Parceiros,Nordeste,Alfa Industria,Elisa,17509.17,943.95,10766.66
TX-1006,2025-07-03,Operacoes,Direto,Centro-Oeste,Gama Servicos,Carla,19449.37,1328.15,13034.23
TX-1045,2025-07-03,Operacoes,Parceiros,Centro-Oeste,Foco Energia,Diego,18351.8,1441.9,11867.17
TX-1044,2025-07-03,Tecnologia,Direto,Sul,Horizonte Tech,Elisa,20242.4,346.49,11742.99
TX-1015,2025-07-03,Comercial,Parceiros,Sul,Gama Servicos,Felipe,17210.46,1266.7,9289.42
TX-1041,2025-07-04,Comercial,Digital,Sudeste,Delta Varejo,Diego,20094.94,278.87,10981.98
TX-1009,2025-07-04,Comercial,Direto,Centro-Oeste,Evo Saude,Diego,17709.84,761.11,10204.35
TX-1050,2025-07-05,Operacoes,Digital,Sudeste,Beta Logistica,Diego,15498.03,841.61,10368.47
TX-1048,2025-07-05,Tecnologia,Digital,Sudeste,Crescer Educacao,Elisa,22532.55,741.88,13543.62
TX-1025,2025-07-06,Comercial,Parceiros,Centro-Oeste,Horizonte Tech,Bruno,18244.14,656.14,10210.44
TX-1000,2025-07-06,Operacoes,Direto,Nordeste,Horizonte Tech,Elisa,12673.06,888.41,7854.3
TX-1039,2025-07-06,Operacoes,Parceiros,Nordeste,Crescer Educacao,Ana,23605.27,410.01,16684.1
TX-1038,2025-07-07,Tecnologia,Parceiros,Nordeste,Beta Logistica,Bruno,15917.93,885.6,9980.61
TX-1030,2025-07-08,Comercial,Direto,Centro-Oeste,Gama Servicos,Bruno,26553.49,1891.12,12944.43
TX-1010,2025-07-09,Tecnologia,Parceiros,Centro-Oeste,Beta Logistica,Bruno,21952.66,686.6,13370.36
TX-1005,2025-07-09,Tecnologia,Digital,Sul,Crescer Educacao,Bruno,21590.72,502.26,13134.92
TX-1024,2025-07-09,Comercial,Direto,Nordeste,Horizonte Tech,Felipe,22066.61,1343.63,11537.38
TX-1047,2025-07-10,Operacoes,Direto,Sul,Evo Saude,Bruno,17749.78,351.16,12769.16
TX-1028,2025-07-11,Tecnologia,Parceiros,Centro-Oeste,Alfa Industria,Elisa,24212.81,1550.61,14283.38
TX-1052,2025-07-11,Marketing,Parceiros,Sul,Gama Servicos,Felipe,13395.58,1033.09,9184.8
TX-1032,2025-07-11,Comercial,Direto,Centro-Oeste,Gama Servicos,Ana,20814.87,1219.72,11570.35
TX-1011,2025-07-11,Marketing,Digital,Sul,Delta Varejo,Diego,9343.51,131.57,6610.22
TX-1012,2025-07-11,Tecnologia,Digital,Sul,Beta Logistica,Carla,19852.45,1121.7,11757.92
TX-1019,2025-07-11,Comercial,Digital,Sudeste,Beta Logistica,Diego,26164.91,865.8,13941.79
TX-1017,2025-07-12,Comercial,Parceiros,Centro-Oeste,Alfa Industria,Elisa,22650.81,1144.89,12362.76
TX-1022,2025-07-14,Tecnologia,Parceiros,Centro-Oeste,Delta Varejo,Bruno,11148.22,319.82,6933.68
TX-1035,2025-07-14,Operacoes,Direto,Centro-Oeste,Beta Logistica,Diego,12504.33,247.88,8387.02
TX-1008,2025-07-14,Operacoes,Parceiros,Nordeste,Evo Saude,Ana,19023.9,1129.29,12490.29
TX-1040,2025-07-15,Operacoes,Direto,Sudeste,Crescer Educacao,Diego,12874.94,258.41,8460.22
TX-1020,2025-07-16,Comercial,Parceiros,Sul,Alfa Industria,Ana,17479.01,885.74,9863.32
TX-1003,2025-07-16,Operacoes,Digital,Centro-Oeste,Gama Servicos,Bruno,14037.47,1094.2,8980.86
TX-1014,2025-07-18,Operacoes,Parceiros,Nordeste,Crescer Educacao,Felipe,19153.46,702.39,12926.5
TX-1051,2025-07-18,Marketing,Parceiros,Nordeste,Evo Saude,Ana,13917.51,737.72,9373.84
TX-1033,2025-07-18,Operacoes,Direto,Sul,Horizonte Tech,Bruno,16741.4,312.44,11135.34
TX-1029,2025-07-19,Comercial,Direto,Centro-Oeste,Horizonte Tech,Ana,16347.02,439.21,8251.81
TX-1042,2025-07-19,Operacoes,Digital,Centro-Oeste,Gama Servicos,Diego,17215.63,555.37,11473.44
TX-1001,2025-07-20,Operacoes,Direto,Centro-Oeste,Gama Servicos,Diego,16561.16,687.74,10603.68
TX-1053,2025-07-20,Marketing,Parceiros,Nordeste,Beta Logistica,Bruno,13774.57,706.71,9758.8
TX-1007,2025-07-21,Tecnologia,Digital,Sudeste,Gama Servicos,Ana,20081.02,1160.17,11625.16
TX-1037,2025-07-21,Operacoes,Digital,Centro-Oeste,Gama Servicos,Diego,8465.3,399.17,5779.87
TX-1036,2025-07-22,Marketing,Direto,Nordeste,Alfa Industria,Bruno,12557.94,536.43,8953.23
TX-1002,2025-07-23,Operacoes,Direto,Centro-Oeste,Gama Servicos,Bruno,18401.54,476.72,12202.88
TX-1021,2025-07-24,Tecnologia,Digital,Sul,Delta Varejo,Felipe,20441.35,322.79,11469.22
TX-1004,2025-07-24,Tecnologia,Digital,Sul,Horizonte Tech,Carla,20638.69,429.29,12312.16
TX-1049,2025-07-24,Marketing,Digital,Centro-Oeste,Delta Varejo,Diego,20232.78,667.38,14067.97
TX-1026,2025-07-25,Marketing,Digital,Sudeste,Beta Logistica,Diego,15112.81,696.01,10538.96
TX-1034,2025-07-25,Tecnologia,Digital,Sul,Alfa Industria,Diego,21294.84,1637.44,12263.52
TX-1031,2025-07-25,Tecnologia,Direto,Sudeste,Alfa Industria,Elisa,18628.92,204.46,10774.86
TX-1046,2025-07-25,Operacoes,Digital,Centro-Oeste,Delta Varejo,Elisa,16231.74,771.41,10608.66
TX-1062,2025-08-02,Marketing,Direto,Nordeste,Horizonte Tech,Ana,14102.24,421.28,9829.98
TX-1065,2025-08-02,Operacoes,Direto,Sudeste,Foco Energia,Elisa,11997.66,320.32,8738.63
TX-1060,2025-08-03,Comercial,Parceiros,Nordeste,Gama Servicos,Carla,27474.17,1594.24,14422.96
TX-1067,2025-08-04,Tecnologia,Parceiros,Sudeste,Gama Servicos,Elisa,24740.13,1338.46,14998.95
TX-1103,2025-08-04,Tecnologia,Direto,Sul,Crescer Educacao,Ana,13019.95,487.8,7892.27
TX-1095,2025-08-04,Comercial,Digital,Sul,Crescer Educacao,Felipe,19768.29,875.32,10196.25
TX-1057,2025-08-07,Tecnologia,Direto,Centro-Oeste,Evo Saude,Carla,19035.89,400.38,11375.4
TX-1104,2025-08-08,Tecnologia,Parceiros,Centro-Oeste,Foco Energia,Felipe,15402.29,371.79,9198.89
TX-1101,2025-08-08,Tecnologia,Digital,Sudeste,Foco Energia,Ana,18416.66,538.46,11169.37
TX-1091,2025-08-08,Tecnologia,Parceiros,Nordeste,Foco Energia,Felipe,19338.18,569.73,12058.59
TX-1088,2025-08-08,Operacoes,Parceiros,Sudeste,Gama Servicos,Carla,24657.53,1117.86,16423.09
TX-1073,2025-08-08,Tecnologia,Direto,Sul,Gama Servicos,Bruno,20862.17,1135.4,12075.79
TX-1061,2025-08-08,Tecnologia,Digital,Centro-Oeste,Evo Saude,Ana,16578.78,516.18,9748.32
TX-1089,2025-08-09,Tecnologia,Digital,Centro-Oeste,Foco Energia,Diego,17644.17,306.1,10780.24
TX-1079,2025-08-09,Comercial,Parceiros,Centro-Oeste,Foco Energia,Felipe,24933.08,1545.56,13293.24
TX-1105,2025-08-09,Tecnologia,Digital,Sul,Crescer Educacao,Felipe,13167.04,824.75,7930.67
TX-1098,2025-08-10,Operacoes,Direto,Centro-Oeste,Beta Logistica,Ana,13859.17,855.95,8740.17
TX-1058,2025-08-10,Tecnologia,Digital,Nordeste,Delta Varejo,Ana,25226.03,1228.75,15371.61
TX-1059,2025-08-10,Marketing,Direto,Centro-Oeste,Horizonte Tech,Diego,17151.52,1313.53,11342.33
TX-1066,2025-08-12,Marketing,Direto,Sul,Beta Logistica,Ana,14647.3,862.26,9605.52
TX-1074,2025-08-12,Tecnologia,Parceiros,Sudeste,Beta Logistica,Ana,15350.44,192.25,9509.18
TX-1092,2025-08-13,Operacoes,Digital,Sul,Horizonte Tech,Diego,21666.46,1371.49,13819.12
TX-1080,2025-08-13,Tecnologia,Parceiros,Nordeste,Horizonte Tech,Ana,22998.2,1197.26,14335.48
TX-1055,2025-08-13,Tecnologia,Digital,Sudeste,Delta Varejo,Diego,17350.31,318.92,11232.88
TX-1086,2025-08-14,Comercial,Parceiros,Sul,Foco Energia,Elisa,14969.42,1033.66,7717.74
TX-1096,2025-08-14,Tecnologia,Digital,Sul,Horizonte Tech,Carla,17401.85,277.34,10885.87
TX-1100,2025-08-14,Marketing,Parceiros,Centro-Oeste,Gama Servicos,Felipe,19073.74,508.05,14672.83
TX-1075,2025-08-15,Tecnologia,Parceiros,Sul,Beta Logistica,Elisa,18049.6,999.16,10492.28
TX-1069,2025-08-16,Comercial,Parceiros,Sudeste,Gama Servicos,Bruno,20879.87,1245.91,10539.36
TX-1090,2025-08-16,Comercial,Digital,Nordeste,Delta Varejo,Carla,24798.7,580.59,13658.8
TX-1102,2025-08-16,Tecnologia,Direto,Centro-Oeste,Delta Varejo,Diego,13917.76,925.81,7388.3
TX-1099,2025-08-16,Marketing,Parceiros,Sudeste,Gama Servicos,Carla,14017.71,645.15,9969.13
TX-1107,2025-08-17,Comercial,Parceiros,Centro-Oeste,Alfa Industria,Bruno,16374.05,533.38,8732.43
TX-1063,2025-08-17,Operacoes,Direto,Sudeste,Delta Varejo,Ana,19812.76,1442.22,12432.23
TX-1082,2025-08-18,Comercial,Direto,Sul,Gama Servicos,Felipe,24383.06,1140.06,12627.73
TX-1054,2025-08-19,Tecnologia,Digital,Centro-Oeste,Gama Servicos,Diego,21909.79,933.77,12845.52
TX-1068,2025-08-19,Comercial,Parceiros,Nordeste,Alfa Industria,Ana,20017.54,1194.91,9730.94
TX-1056,2025-08-19,Tecnologia,Digital,Centro-Oeste,Gama Servicos,Diego,17426.91,993.09,9749.99
TX-1093,2025-08-20,Marketing,Parceiros,Nordeste,Horizonte Tech,Diego,16610.41,1017.7,11841.34
TX-1087,2025-08-20,Comercial,Digital,Centro-Oeste,Crescer Educacao,Carla,17545.56,838.1,9079.39
TX-1097,2025-08-21,Comercial,Digital,Nordeste,Gama Servicos,Elisa,14972.73,200.77,8654.27
TX-1078,2025-08-21,Tecnologia,Direto,Sudeste,Crescer Educacao,Diego,21923.95,329.83,12802.46
TX-1070,2025-08-22,Marketing,Parceiros,Sul,Beta Logistica,Bruno,11409.42,740.31,7838.93
TX-1077,2025-08-23,Marketing,Direto,Sul,Evo Saude,Felipe,13679.92,635.01,9776.99
TX-1085,2025-08-23,Comercial,Digital,Nordeste,Foco Energia,Carla,15428.12,469.7,8578.19
TX-1084,2025-08-23,Comercial,Direto,Sul,Beta Logistica,Bruno,21877.65,883.08,10935.69
TX-1064,2025-08-23,Operacoes,Direto,Sudeste,Alfa Industria,Ana,20042.26,1478.01,12567.46
TX-1071,2025-08-24,Comercial,Parceiros,Centro-Oeste,Beta Logistica,Ana,15765.94,929.94,8431.11
TX-1106,2025-08-25,Comercial,Digital,Sudeste,Evo Saude,Diego,15238.5,1122.08,8089.67
TX-1083,2025-08-25,Tecnologia,Parceiros,Sul,Gama Servicos,Carla,16223.26,1286.87,9332.01
TX-1081,2025-08-25,Operacoes,Digital,Sul,Horizonte Tech,Diego,14797.88,860.3,10160.83
TX-1076,2025-08-25,Tecnologia,Parceiros,Centro-Oeste,Foco Energia,Diego,15257.13,821.15,8012.81
TX-1094,2025-08-25,Marketing,Digital,Nordeste,Crescer Educacao,Ana,9250.68,279.15,6140.72
TX-1072,2025-08-25,Tecnologia,Direto,Centro-Oeste,Crescer Educacao,Ana,20921.85,903.65,11371.85
TX-1136,2025-09-01,Comercial,Digital,Nordeste,Beta Logistica,Bruno,23035.02,1334.17,13203.32
TX-1149,2025-09-01,Comercial,Direto,Sul,Horizonte Tech,Carla,22560.12,733.37,11955.18
TX-1153,2025-09-01,Marketing,Digital,Sudeste,Delta Varejo,Ana,13169.24,188.91,9175.68
TX-1146,2025-09-01,Comercial,Digital,Sul,Evo Saude,Bruno,20547.96,1557.56,10578.02
TX-1126,2025-09-02,Comercial,Parceiros,Sudeste,Beta Logistica,Felipe,23242.81,1593.0,12190.3
TX-1111,2025-09-03,Comercial,Direto,Nordeste,Gama Servicos,Bruno,12938.65,188.74,7431.65
TX-1138,2025-09-03,Tecnologia,Digital,Sudeste,Foco Energia,Elisa,19765.97,260.16,12585.1
TX-1137,2025-09-03,Operacoes,Digital,Sudeste,Delta Varejo,Diego,17542.63,516.95,11394.0
TX-1117,2025-09-04,Marketing,Direto,Sudeste,Foco Energia,Diego,14742.25,341.76,10221.82
TX-1110,2025-09-04,Operacoes,Direto,Centro-Oeste,Horizonte Tech,Elisa,15609.36,716.33,10367.69
TX-1120,2025-09-04,Operacoes,Direto,Nordeste,Gama Servicos,Ana,24007.14,847.63,16513.22
TX-1151,2025-09-04,Marketing,Direto,Centro-Oeste,Foco Energia,Diego,9724.17,131.35,6674.07
TX-1116,2025-09-05,Marketing,Direto,Nordeste,Alfa Industria,Bruno,9808.79,414.46,6752.69
TX-1160,2025-09-05,Operacoes,Digital,Centro-Oeste,Gama Servicos,Elisa,18663.1,613.24,11803.57
TX-1131,2025-09-06,Tecnologia,Parceiros,Nordeste,Alfa Industria,Elisa,12867.99,919.88,7398.59
TX-1145,2025-09-07,Operacoes,Parceiros,Nordeste,Foco Energia,Bruno,21622.03,1539.93,14340.08
TX-1161,2025-09-07,Operacoes,Direto,Sul,Crescer Educacao,Elisa,17421.76,509.77,11811.69
TX-1115,2025-09-07,Tecnologia,Parceiros,Sudeste,Foco Energia,Bruno,11276.2,491.53,6935.32
TX-1122,2025-09-08,Comercial,Digital,Centro-Oeste,Crescer Educacao,Ana,19642.47,1193.53,9555.71
TX-1113,2025-09-08,Tecnologia,Parceiros,Centro-Oeste,Beta Logistica,Ana,22403.44,226.64,13360.6
TX-1134,2025-09-09,Operacoes,Parceiros,Nordeste,Evo Saude,Carla,16868.97,634.68,11053.33
TX-1158,2025-09-09,Tecnologia,Parceiros,Sudeste,Foco Energia,Carla,22856.93,1042.86,13453.41
TX-1159,2025-09-09,Tecnologia,Direto,Nordeste,Beta Logistica,Diego,22351.86,420.36,13411.0
TX-1143,2025-09-11,Operacoes,Parceiros,Sudeste,Beta Logistica,Felipe,16663.22,407.86,11469.05
TX-1140,2025-09-11,Marketing,Direto,Centro-Oeste,Crescer Educacao,Bruno,9919.2,760.9,6935.88
TX-1135,2025-09-11,Operacoes,Parceiros,Sul,Crescer Educacao,Carla,15848.54,677.28,10123.55
TX-1154,2025-09-11,Operacoes,Digital,Nordeste,Delta Varejo,Bruno,18071.36,1346.85,11957.9
TX-1118,2025-09-13,Comercial,Direto,Sul,Gama Servicos,Diego,26269.36,1347.98,15114.71
TX-1139,2025-09-13,Comercial,Direto,Centro-Oeste,Gama Servicos,Felipe,21709.19,665.04,11839.13
TX-1147,2025-09-13,Tecnologia,Parceiros,Sudeste,Beta Logistica,Felipe,21515.41,869.64,12761.3
TX-1152,2025-09-14,Operacoes,Parceiros,Sul,Foco Energia,Elisa,18774.04,466.29,12572.38
TX-1141,2025-09-14,Comercial,Parceiros,Sudeste,Alfa Industria,Bruno,15280.83,812.53,8303.98
TX-1114,2025-09-14,Tecnologia,Digital,Sul,Gama Servicos,Diego,15322.61,510.5,8929.57
TX-1157,2025-09-14,Operacoes,Digital,Nordeste,Delta Varejo,Carla,20531.61,1567.13,12234.76
TX-1124,2025-09-15,Marketing,Parceiros,Sul,Beta Logistica,Diego,13946.85,155.66,9447.81
TX-1121,2025-09-16,Comercial,Digital,Sudeste,Foco Energia,Carla,24170.41,779.12,12726.67
TX-1119,2025-09-16,Comercial,Direto,Centro-Oeste,Evo Saude,Carla,20343.48,1421.69,10590.79
TX-1144,2025-09-17,Comercial,Parceiros,Sudeste,Delta Varejo,Bruno,22021.69,1525.08,11863.31
TX-1109,2025-09-17,Operacoes,Direto,Nordeste,Crescer Educacao,Ana,15320.29,997.83,10054.05
TX-1155,2025-09-17,Tecnologia,Parceiros,Sudeste,Alfa Industria,Elisa,21629.49,1654.75,13148.73
TX-1156,2025-09-19,Operacoes,Digital,Sul,Horizonte Tech,Carla,19625.03,813.93,12823.98
TX-1142,2025-09-19,Comercial,Direto,Centro-Oeste,Crescer Educacao,Felipe,25743.49,1310.24,14209.35
TX-1133,2025-09-20,Comercial,Direto,Centro-Oeste,Horizonte Tech,Carla,27180.44,1686.6,14490.66
TX-1132,2025-09-20,Operacoes,Digital,Nordeste,Gama Servicos,Felipe,18728.05,934.44,12779.27
TX-1129,2025-09-20,Tecnologia,Parceiros,Sul,Beta Logistica,Elisa,18027.96,298.99,10853.92
TX-1150,2025-09-21,Tecnologia,Digital,Sul,Delta Varejo,Felipe,21219.2,1680.61,11926.9
TX-1127,2025-09-22,Comercial,Digital,Nordeste,Evo Saude,Elisa,18544.83,904.02,9726.88
TX-1108,2025-09-22,Tecnologia,Parceiros,Centro-Oeste,Horizonte Tech,Diego,21416.27,1389.22,12007.83
TX-1130,2025-09-23,Comercial,Digital,Centro-Oeste,Horizonte Tech,Bruno,17426.17,391.93,8926.89
TX-1125,2025-09-23,Marketing,Digital,Sudeste,Delta Varejo,Diego,13370.33,715.65,9285.7
TX-1123,2025-09-23,Tecnologia,Direto,Sudeste,Gama Servicos,Diego,19988.8,400.98,12679.92
TX-1112,2025-09-23,Comercial,Digital,Sul,Beta Logistica,Felipe,17838.91,658.53,9170.38
TX-1128,2025-09-24,Tecnologia,Parceiros,Centro-Oeste,Alfa Industria,Ana,19440.53,1532.68,11245.73
TX-1148,2025-09-24,Tecnologia,Direto,Sudeste,Crescer Educacao,Felipe,26203.1,562.07,15519.52
TX-1203,2025-10-01,Operacoes,Digital,Nordeste,Alfa Industria,Bruno,12482.44,892.66,7416.44
TX-1178,2025-10-01,Comercial,Direto,Sudeste,Gama Servicos,Bruno,21107.41,1427.26,11069.32
TX-1185,2025-10-02,Operacoes,Direto,Centro-Oeste,Alfa Industria,Elisa,10271.85,289.8,7136.63
TX-1200,2025-10-03,Comercial,Digital,Centro-Oeste,Alfa Industria,Diego,18956.98,1420.36,9535.43
TX-1199,2025-10-03,Comercial,Digital,Nordeste,Gama Servicos,Elisa,25931.48,965.6,13484.21
TX-1211,2025-10-03,Operacoes,Direto,Sul,Crescer Educacao,Ana,27823.58,1513.5,18678.76
TX-1207,2025-10-03,Operacoes,Digital,Centro-Oeste,Alfa Industria,Ana,14957.32,447.34,9806.77
TX-1177,2025-10-04,Tecnologia,Direto,Sul,Gama Servicos,Elisa,16532.72,226.44,10108.63
TX-1164,2025-10-05,Tecnologia,Digital,Centro-Oeste,Gama Servicos,Bruno,20284.21,1069.3,12181.18
TX-1192,2025-10-05,Comercial,Digital,Centro-Oeste,Gama Servicos,Ana,15253.65,814.08,8517.67
TX-1182,2025-10-05,Tecnologia,Parceiros,Centro-Oeste,Delta Varejo,Bruno,23947.6,469.49,14885.99
TX-1186,2025-10-05,Tecnologia,Direto,Sul,Evo Saude,Diego,20854.28,603.71,12344.0
TX-1174,2025-10-06,Marketing,Direto,Sul,Foco Energia,Elisa,19106.55,807.91,13077.08
TX-1202,2025-10-06,Tecnologia,Parceiros,Sudeste,Delta Varejo,Carla,19460.99,1207.4,12307.76
TX-1210,2025-10-06,Tecnologia,Digital,Sul,Horizonte Tech,Bruno,16205.39,1236.67,9179.53
TX-1212,2025-10-06,Tecnologia,Digital,Nordeste,Crescer Educacao,Diego,16366.39,1262.0,9241.3
TX-1181,2025-10-06,Operacoes,Direto,Sudeste,Alfa Industria,Elisa,20145.15,322.7,13867.91
TX-1204,2025-10-07,Comercial,Digital,Sudeste,Horizonte Tech,Elisa,20634.62,923.63,10911.2
TX-1163,2025-10-07,Operacoes,Parceiros,Nordeste,Evo Saude,Ana,21495.77,1683.74,13569.87
TX-1180,2025-10-08,Operacoes,Parceiros,Sul,Beta Logistica,Diego,17185.32,1074.4,10424.25
TX-1165,2025-10-09,Tecnologia,Digital,Sudeste,Delta Varejo,Felipe,22944.05,1244.81,13867.07
TX-1194,2025-10-09,Tecnologia,Parceiros,Nordeste,Delta Varejo,Bruno,22441.01,491.99,14224.48
TX-1190,2025-10-09,Comercial,Parceiros,Sudeste,Alfa Industria,Diego,21744.89,1526.92,11662.84
TX-1191,2025-10-09,Comercial,Direto,Centro-Oeste,Foco Energia,Ana,25503.68,621.71,14049.58
TX-1175,2025-10-09,Operacoes,Parceiros,Sul,Beta Logistica,Elisa,12370.66,834.85,7583.77
TX-1169,2025-10-09,Operacoes,Parceiros,Sudeste,Alfa Industria,Carla,23014.23,452.99,15678.31
TX-1184,2025-10-10,Operacoes,Digital,Sul,Alfa Industria,Diego,13779.15,669.17,8240.47
TX-1170,2025-10-11,Marketing,Parceiros,Centro-Oeste,Horizonte Tech,Bruno,10918.16,226.85,7452.11
TX-1188,2025-10-12,Marketing,Direto,Sul,Beta Logistica,Carla,20207.86,875.53,14236.64
TX-1172,2025-10-13,Comercial,Parceiros,Sudeste,Evo Saude,Bruno,16268.22,363.51,9016.66
TX-1167,2025-10-13,Tecnologia,Direto,Sul,Delta Varejo,Diego,25883.16,1427.13,14911.35
TX-1189,2025-10-15,Comercial,Parceiros,Sudeste,Alfa Industria,Carla,18613.17,465.08,10643.07
TX-1176,2025-10-15,Operacoes,Digital,Centro-Oeste,Alfa Industria,Bruno,13144.2,953.11,8380.76
TX-1168,2025-10-15,Tecnologia,Direto,Sul,Alfa Industria,Ana,25814.89,1732.8,14249.23
TX-1209,2025-10-16,Comercial,Parceiros,Sudeste,Evo Saude,Bruno,25810.37,1201.67,14758.39
TX-1197,2025-10-16,Marketing,Direto,Sul,Horizonte Tech,Diego,7517.85,281.2,5564.87
TX-1208,2025-10-16,Tecnologia,Digital,Sudeste,Delta Varejo,Elisa,14646.29,854.01,8813.44
TX-1187,2025-10-17,Comercial,Digital,Nordeste,Gama Servicos,Bruno,22093.57,549.23,12235.14
TX-1196,2025-10-17,Comercial,Parceiros,Sul,Delta Varejo,Elisa,26986.53,1383.15,13260.26
TX-1173,2025-10-18,Operacoes,Direto,Sudeste,Foco Energia,Elisa,15029.74,1201.77,9564.49
TX-1214,2025-10-20,Tecnologia,Parceiros,Centro-Oeste,Alfa Industria,Bruno,18362.5,913.01,10929.47
TX-1162,2025-10-20,Marketing,Digital,Nordeste,Evo Saude,Elisa,15944.45,764.47,11881.35
TX-1179,2025-10-21,Tecnologia,Parceiros,Nordeste,Evo Saude,Bruno,17683.26,291.65,10854.51
TX-1193,2025-10-21,Tecnologia,Direto,Sul,Delta Varejo,Felipe,23263.22,304.57,13933.63
TX-1183,2025-10-22,Marketing,Parceiros,Nordeste,Horizonte Tech,Bruno,5073.79,119.04,3764.01
TX-1205,2025-10-22,Comercial,Parceiros,Centro-Oeste,Evo Saude,Carla,18465.67,1319.75,10495.19
TX-1213,2025-10-23,Comercial,Direto,Centro-Oeste,Horizonte Tech,Ana,24270.64,1665.53,12459.58
TX-1201,2025-10-24,Tecnologia,Parceiros,Sudeste,Horizonte Tech,Elisa,21707.1,1096.83,12766.33
TX-1206,2025-10-24,Tecnologia,Parceiros,Sudeste,Delta Varejo,Ana,10862.81,570.35,6064.09
TX-1198,2025-10-25,Tecnologia,Parceiros,Sudeste,Delta Varejo,Diego,21436.99,1046.3,12962.61
TX-1195,2025-10-25,Tecnologia,Parceiros,Sul,Beta Logistica,Bruno,21532.14,1096.69,12656.4
TX-1171,2025-10-25,Comercial,Parceiros,Centro-Oeste,Beta Logistica,Diego,21559.26,1408.93,11252.99
TX-1166,2025-10-25,Marketing,Digital,Sudeste,Gama Servicos,Ana,10755.72,844.05,7543.22
TX-1215,2025-10-25,Comercial,Direto,Sudeste,Foco Energia,Felipe,20691.19,621.22,11804.65
TX-1260,2025-11-01,Tecnologia,Digital,Centro-Oeste,Horizonte Tech,Ana,16028.23,1052.51,9943.81
TX-1268,2025-11-01,Tecnologia,Digital,Centro-Oeste,Gama Servicos,Ana,20260.43,1110.89,11382.05
TX-1246,2025-11-01,Comercial,Parceiros,Centro-Oeste,Delta Varejo,Elisa,21569.71,1672.0,11062.1
TX-1244,2025-11-01,Comercial,Digital,Nordeste,Beta Logistica,Elisa,21771.46,831.7,12446.55
TX-1238,2025-11-02,Comercial,Digital,Sul,Delta Varejo,Diego,16391.63,434.7,8851.99
TX-1221,2025-11-02,Comercial,Parceiros,Centro-Oeste,Crescer Educacao,Diego,22113.71,523.18,11715.74
TX-1249,2025-11-03,Tecnologia,Direto,Sudeste,Evo Saude,Carla,15824.03,569.79,9098.1
TX-1232,2025-11-03,Operacoes,Digital,Centro-Oeste,Beta Logistica,Bruno,18260.86,531.05,11304.53
TX-1226,2025-11-03,Tecnologia,Parceiros,Nordeste,Delta Varejo,Felipe,21666.39,878.93,14424.22
TX-1254,2025-11-03,Comercial,Direto,Centro-Oeste,Foco Energia,Carla,17229.45,653.75,9597.41
TX-1218,2025-11-03,Tecnologia,Direto,Nordeste,Alfa Industria,Diego,21357.83,754.19,12725.74
TX-1250,2025-11-04,Tecnologia,Digital,Sudeste,Delta Varejo,Diego,16625.62,913.71,10027.96
TX-1242,2025-11-04,Marketing,Parceiros,Nordeste,Crescer Educacao,Elisa,21350.5,1543.49,14043.21
TX-1224,2025-11-05,Tecnologia,Digital,Sudeste,Delta Varejo,Elisa,23467.52,761.55,13974.78
TX-1245,2025-11-05,Operacoes,Direto,Nordeste,Horizonte Tech,Elisa,18431.67,1362.65,11717.91
TX-1236,2025-11-05,Tecnologia,Direto,Sudeste,Delta Varejo,Carla,19831.58,532.53,11326.06
TX-1233,2025-11-05,Comercial,Direto,Nordeste,Gama Servicos,Bruno,26122.59,1875.54,13378.34
TX-1252,2025-11-05,Comercial,Digital,Sudeste,Horizonte Tech,Diego,22795.05,968.06,11945.87
TX-1267,2025-11-06,Comercial,Parceiros,Nordeste,Horizonte Tech,Diego,19695.78,1175.86,10305.68
TX-1225,2025-11-06,Operacoes,Digital,Sudeste,Evo Saude,Carla,21818.65,1648.77,14385.66
TX-1234,2025-11-07,Tecnologia,Direto,Sul,Beta Logistica,Elisa,16766.09,340.68,10110.36
TX-1247,2025-11-07,Operacoes,Digital,Sudeste,Foco Energia,Ana,20283.48,739.99,14195.22
TX-1263,2025-11-08,Operacoes,Digital,Centro-Oeste,Horizonte Tech,Ana,12848.56,673.85,8289.6
TX-1258,2025-11-08,Operacoes,Parceiros,Nordeste,Evo Saude,Diego,17234.48,314.51,12305.94
TX-1269,2025-11-09,Tecnologia,Digital,Centro-Oeste,Gama Servicos,Bruno,21553.46,1682.55,12257.07
TX-1223,2025-11-09,Comercial,Digital,Sul,Crescer Educacao,Elisa,32453.24,1319.19,16679.18
TX-1237,2025-11-10,Comercial,Parceiros,Sudeste,Alfa Industria,Carla,23818.09,761.45,12835.43
TX-1216,2025-11-10,Operacoes,Digital,Nordeste,Beta Logistica,Felipe,13229.68,1036.05,8290.19
TX-1227,2025-11-11,Comercial,Parceiros,Sudeste,Evo Saude,Felipe,18697.4,485.34,10264.33
TX-1251,2025-11-11,Marketing,Digital,Sudeste,Delta Varejo,Carla,21583.82,1318.49,14821.52
TX-1266,2025-11-11,Marketing,Digital,Centro-Oeste,Beta Logistica,Elisa,13567.17,340.74,9519.65
TX-1240,2025-11-12,Tecnologia,Parceiros,Sul,Delta Varejo,Carla,26537.88,294.74,17671.27
TX-1264,2025-11-12,Comercial,Direto,Sul,Crescer Educacao,Elisa,20085.44,993.16,10105.34
TX-1235,2025-11-14,Operacoes,Parceiros,Nordeste,Alfa Industria,Elisa,17642.01,770.58,11505.14
TX-1241,2025-11-15,Tecnologia,Direto,Centro-Oeste,Alfa Industria,Felipe,17557.15,309.11,11107.49
TX-1259,2025-11-15,Tecnologia,Digital,Nordeste,Crescer Educacao,Elisa,19345.77,1430.05,10537.63
TX-1262,2025-11-16,Marketing,Digital,Sul,Horizonte Tech,Elisa,16659.73,1085.31,11404.1
TX-1256,2025-11-16,Marketing,Direto,Sudeste,Gama Servicos,Ana,10952.77,584.05,7531.34
TX-1230,2025-11-16,Operacoes,Digital,Sul,Evo Saude,Ana,16232.23,583.77,10617.6
TX-1243,2025-11-16,Marketing,Direto,Sudeste,Beta Logistica,Bruno,8821.5,432.17,6008.61
TX-1239,2025-11-17,Marketing,Digital,Centro-Oeste,Evo Saude,Elisa,10769.85,570.22,7505.43
TX-1222,2025-11-17,Operacoes,Digital,Nordeste,Horizonte Tech,Ana,20935.91,1382.63,12401.8
TX-1231,2025-11-19,Tecnologia,Parceiros,Sudeste,Crescer Educacao,Diego,16560.38,1029.46,9586.66
TX-1255,2025-11-20,Comercial,Direto,Sudeste,Evo Saude,Ana,24713.2,1719.29,14224.2
TX-1217,2025-11-20,Tecnologia,Parceiros,Nordeste,Gama Servicos,Carla,22657.09,1652.26,12249.17
TX-1219,2025-11-20,Tecnologia,Direto,Sudeste,Gama Servicos,Bruno,19430.23,1026.99,11659.63
TX-1229,2025-11-20,Tecnologia,Direto,Sul,Delta Varejo,Diego,21549.5,1507.09,12380.83
TX-1253,2025-11-21,Comercial,Direto,Centro-Oeste,Evo Saude,Carla,23022.98,640.75,12490.07
TX-1228,2025-11-21,Tecnologia,Digital,Nordeste,Foco Energia,Elisa,20818.55,901.22,12510.84
TX-1220,2025-11-22,Marketing,Digital,Sudeste,Beta Logistica,Diego,17878.38,824.25,12204.13
TX-1265,2025-11-22,Comercial,Parceiros,Nordeste,Evo Saude,Bruno,23444.7,1785.56,12418.71
TX-1248,2025-11-23,Tecnologia,Parceiros,Nordeste,Gama Servicos,Elisa,13569.59,172.4,7907.82
TX-1257,2025-11-24,Operacoes,Digital,Nordeste,Alfa Industria,Elisa,22686.26,1619.06,14643.7
TX-1261,2025-11-25,Tecnologia,Direto,Sudeste,Evo Saude,Carla,21593.38,932.3,12194.48
TX-1319,2025-12-01,Tecnologia,Parceiros,Nordeste,Crescer Educacao,Bruno,25129.98,1447.55,14093.09
TX-1293,2025-12-01,Comercial,Digital,Sudeste,Gama Servicos,Diego,26938.39,1305.56,14203.43
TX-1302,2025-12-01,Tecnologia,Parceiros,Centro-Oeste,Beta Logistica,Carla,17798.9,1385.86,10593.48
TX-1271,2025-12-02,Comercial,Direto,Nordeste,Delta Varejo,Felipe,20785.99,1052.12,11014.82
TX-1277,2025-12-02,Tecnologia,Direto,Sul,Gama Servicos,Elisa,21781.72,350.03,12836.44
TX-1282,2025-12-03,Operacoes,Digital,Centro-Oeste,Beta Logistica,Carla,18047.35,900.54,11894.77
TX-1290,2025-12-03,Operacoes,Direto,Sul,Foco Energia,Felipe,15035.44,172.62,10009.6
TX-1304,2025-12-04,Marketing,Direto,Sudeste,Foco Energia,Diego,13260.36,706.86,9564.08
TX-1273,2025-12-05,Operacoes,Digital,Centro-Oeste,Foco Energia,Bruno,19708.13,408.89,12603.66
TX-1314,2025-12-05,Tecnologia,Direto,Sudeste,Delta Varejo,Ana,23287.05,781.05,13322.05
TX-1274,2025-12-06,Operacoes,Direto,Centro-Oeste,Beta Logistica,Carla,16341.32,252.34,10975.17
TX-1318,2025-12-06,Marketing,Direto,Nordeste,Crescer Educacao,Bruno,16614.56,783.39,11038.98
TX-1296,2025-12-06,Operacoes,Digital,Sudeste,Alfa Industria,Felipe,15243.47,981.15,10397.66
TX-1322,2025-12-06,Comercial,Parceiros,Sudeste,Foco Energia,Carla,25752.51,1712.18,13758.8
TX-1303,2025-12-06,Tecnologia,Digital,Centro-Oeste,Foco Energia,Carla,19049.89,1169.48,11689.36
TX-1291,2025-12-07,Comercial,Direto,Centro-Oeste,Alfa Industria,Ana,26165.49,1327.14,14014.2
TX-1285,2025-12-07,Comercial,Direto,Nordeste,Crescer Educacao,Diego,22603.92,1798.06,11166.17
TX-1313,2025-12-08,Operacoes,Digital,Sudeste,Crescer Educacao,Carla,18937.15,1421.07,11116.51
TX-1289,2025-12-09,Tecnologia,Digital,Sul,Alfa Industria,Bruno,22371.74,519.24,14366.58
TX-1310,2025-12-09,Comercial,Parceiros,Centro-Oeste,Gama Servicos,Ana,25185.64,689.6,13418.52
TX-1295,2025-12-09,Comercial,Parceiros,Sudeste,Crescer Educacao,Carla,27114.45,939.65,14956.81
TX-1311,2025-12-10,Tecnologia,Digital,Sul,Gama Servicos,Carla,19343.29,222.99,11759.76
TX-1270,2025-12-10,Comercial,Direto,Sudeste,Horizonte Tech,Ana,19274.15,314.17,11280.09
TX-1288,2025-12-11,Tecnologia,Parceiros,Nordeste,Foco Energia,Elisa,24528.91,1113.25,14389.17
TX-1309,2025-12-11,Tecnologia,Direto,Sul,Crescer Educacao,Diego,21164.55,259.12,12074.67
TX-1287,2025-12-11,Marketing,Digital,Sul,Alfa Industria,Bruno,12504.78,918.19,8241.75
TX-1281,2025-12-12,Comercial,Parceiros,Sul,Crescer Educacao,Elisa,28218.96,470.22,15544.78
TX-1292,2025-12-12,Operacoes,Digital,Nordeste,Horizonte Tech,Ana,21776.35,892.82,13672.18
TX-1308,2025-12-12,Comercial,Direto,Sudeste,Delta Varejo,Elisa,21569.33,287.22,11791.15
TX-1307,2025-12-12,Marketing,Digital,Sul,Crescer Educacao,Ana,14745.81,267.09,10509.99
TX-1297,2025-12-12,Operacoes,Parceiros,Sul,Beta Logistica,Carla,11092.11,143.96,7713.41
TX-1317,2025-12-13,Marketing,Direto,Sul,Beta Logistica,Bruno,16327.73,739.94,11898.73
TX-1316,2025-12-14,Marketing,Parceiros,Sudeste,Horizonte Tech,Elisa,16439.33,744.45,11716.35
TX-1294,2025-12-14,Operacoes,Direto,Centro-Oeste,Delta Varejo,Elisa,14746.41,1131.35,10016.73
TX-1280,2025-12-14,Tecnologia,Parceiros,Centro-Oeste,Horizonte Tech,Diego,13071.77,974.08,7292.56
TX-1321,2025-12-15,Comercial,Parceiros,Sul,Evo Saude,Ana,24748.58,841.09,12929.85
TX-1301,2025-12-15,Comercial,Direto,Centro-Oeste,Evo Saude,Carla,18788.49,286.55,9886.09
TX-1276,2025-12-16,Operacoes,Digital,Nordeste,Foco Energia,Diego,15368.28,299.0,10840.92
TX-1298,2025-12-16,Comercial,Digital,Nordeste,Alfa Industria,Bruno,20272.2,1516.32,10000.96
TX-1279,2025-12-16,Marketing,Digital,Nordeste,Alfa Industria,Ana,10716.15,503.72,7741.39
TX-1283,2025-12-16,Tecnologia,Direto,Sudeste,Beta Logistica,Felipe,21173.18,822.75,12570.28
TX-1320,2025-12-17,Tecnologia,Parceiros,Sudeste,Gama Servicos,Ana,24838.14,1494.58,14918.54
TX-1286,2025-12-17,Marketing,Digital,Sudeste,Crescer Educacao,Felipe,18757.1,455.24,13065.44
TX-1323,2025-12-18,Marketing,Digital,Nordeste,Gama Servicos,Bruno,22378.97,478.91,15779.16
TX-1275,2025-12-18,Marketing,Parceiros,Nordeste,Crescer Educacao,Diego,13339.79,664.57,8904.6
TX-1272,2025-12-18,Operacoes,Parceiros,Sudeste,Delta Varejo,Ana,18470.37,1106.24,12205.47
TX-1306,2025-12-19,Operacoes,Parceiros,Sul,Gama Servicos,Ana,20217.41,676.34,13802.82
TX-1284,2025-12-21,Tecnologia,Direto,Nordeste,Crescer Educacao,Carla,22480.84,1561.99,13990.95
TX-1315,2025-12-22,Tecnologia,Direto,Sudeste,Beta Logistica,Ana,17524.74,1375.05,9746.82
TX-1300,2025-12-24,Tecnologia,Parceiros,Sul,Delta Varejo,Diego,24427.06,1697.32,13416.06
TX-1299,2025-12-24,Marketing,Direto,Centro-Oeste,Beta Logistica,Felipe,15957.01,1011.86,11085.5
TX-1305,2025-12-25,Comercial,Direto,Sudeste,Delta Varejo,Carla,17509.15,1001.41,9619.52
TX-1278,2025-12-25,Comercial,Parceiros,Nordeste,Delta Varejo,Ana,23178.24,1117.33,12314.39
TX-1312,2025-12-25,Comercial,Parceiros,Sudeste,Gama Servicos,Felipe,25844.76,1963.38,13235.26
TX-1367,2026-01-01,Tecnologia,Parceiros,Sudeste,Delta Varejo,Diego,17643.76,494.61,10929.05
TX-1336,2026-01-01,Operacoes,Direto,Nordeste,Evo Saude,Bruno,15782.3,818.31,9974.78
TX-1376,2026-01-01,Operacoes,Parceiros,Centro-Oeste,Alfa Industria,Ana,15769.78,847.36,10081.59
TX-1354,2026-01-01,Marketing,Direto,Centro-Oeste,Crescer Educacao,Ana,6090.5,94.48,4356.38
TX-1372,2026-01-02,Comercial,Digital,Centro-Oeste,Foco Energia,Felipe,20611.72,1117.44,10959.05
TX-1331,2026-01-02,Tecnologia,Direto,Centro-Oeste,Beta Logistica,Bruno,22083.6,827.95,13316.24
TX-1332,2026-01-02,Marketing,Parceiros,Sul,Crescer Educacao,Carla,18059.85,595.01,12730.03
TX-1359,2026-01-02,Operacoes,Digital,Centro-Oeste,Foco Energia,Felipe,16799.4,1019.09,10522.41
TX-1329,2026-01-03,Marketing,Direto,Sudeste,Foco Energia,Elisa,16099.5,266.11,11840.93
TX-1347,2026-01-03,Tecnologia,Direto,Nordeste,Gama Servicos,Felipe,21381.81,1338.64,12475.91
TX-1334,2026-01-05,Marketing,Direto,Centro-Oeste,Evo Saude,Diego,13687.65,1063.96,9467.39
TX-1335,2026-01-05,Operacoes,Digital,Sudeste,Crescer Educacao,Diego,23205.14,659.99,15743.37
TX-1377,2026-01-07,Tecnologia,Parceiros,Nordeste,Beta Logistica,Bruno,12314.66,708.51,7457.25
TX-1324,2026-01-07,Operacoes,Direto,Centro-Oeste,Alfa Industria,Elisa,18297.62,1371.16,11762.2
TX-1325,2026-01-07,Comercial,Parceiros,Sul,Horizonte Tech,Carla,23482.69,551.98,12860.96
TX-1337,2026-01-07,Operacoes,Direto,Sudeste,Crescer Educacao,Bruno,15202.87,1149.24,9618.2
TX-1326,2026-01-08,Tecnologia,Digital,Nordeste,Horizonte Tech,Carla,22876.6,269.13,14668.67
TX-1355,2026-01-08,Comercial,Digital,Sudeste,Horizonte Tech,Ana,22453.76,1004.59,12255.78
TX-1351,2026-01-08,Marketing,Parceiros,Sul,Foco Energia,Ana,12061.42,636.08,8071.26
TX-1343,2026-01-09,Tecnologia,Parceiros,Sul,Evo Saude,Bruno,23415.13,720.74,14598.78
TX-1344,2026-01-09,Tecnologia,Parceiros,Sudeste,Crescer Educacao,Elisa,14275.02,404.45,8594.87
TX-1366,2026-01-09,Comercial,Digital,Centro-Oeste,Crescer Educacao,Diego,27256.09,409.67,14041.04
TX-1356,2026-01-09,Tecnologia,Direto,Sudeste,Beta Logistica,Ana,24780.89,703.56,16772.14
TX-1368,2026-01-10,Tecnologia,Digital,Sudeste,Beta Logistica,Diego,23691.08,1485.79,13657.61
TX-1363,2026-01-11,Tecnologia,Digital,Sul,Gama Servicos,Bruno,20301.49,859.89,11442.46
TX-1342,2026-01-11,Operacoes,Digital,Sul,Beta Logistica,Felipe,11343.06,867.63,7683.86
TX-1361,2026-01-11,Operacoes,Parceiros,Sudeste,Evo Saude,Elisa,25774.95,1161.07,16189.15
TX-1353,2026-01-12,Tecnologia,Parceiros,Sul,Crescer Educacao,Diego,25257.39,826.55,14944.35
TX-1339,2026-01-12,Marketing,Digital,Sudeste,Evo Saude,Felipe,17531.2,1307.21,11337.64
TX-1333,2026-01-13,Comercial,Parceiros,Centro-Oeste,Horizonte Tech,Bruno,31652.8,1570.15,16528.69
TX-1369,2026-01-14,Comercial,Digital,Centro-Oeste,Delta Varejo,Carla,27863.21,2096.32,13418.11
TX-1348,2026-01-14,Operacoes,Digital,Sudeste,Alfa Industria,Ana,15500.75,973.76,10312.0
TX-1349,2026-01-14,Comercial,Direto,Sudeste,Horizonte Tech,Carla,31574.28,1748.83,16340.56
TX-1346,2026-01-14,Operacoes,Digital,Centro-Oeste,Delta Varejo,Ana,20741.71,830.43,13345.34
TX-1345,2026-01-14,Operacoes,Direto,Nordeste,Alfa Industria,Felipe,18765.54,959.41,11805.08
TX-1357,2026-01-15,Tecnologia,Direto,Sudeste,Foco Energia,Carla,26022.94,946.49,14854.7
TX-1375,2026-01-15,Comercial,Parceiros,Nordeste,Evo Saude,Elisa,22571.47,1146.82,11682.48
TX-1373,2026-01-15,Tecnologia,Direto,Nordeste,Delta Varejo,Carla,23928.34,1842.2,14581.72
TX-1364,2026-01-15,Tecnologia,Direto,Sul,Foco Energia,Felipe,23292.47,1654.87,12620.16
TX-1358,2026-01-17,Operacoes,Direto,Sul,Beta Logistica,Elisa,21070.96,755.82,13524.29
TX-1350,2026-01-18,Operacoes,Digital,Sudeste,Beta Logistica,Bruno,14911.28,246.79,10132.83
TX-1374,2026-01-18,Operacoes,Parceiros,Sul,Delta Varejo,Felipe,10969.29,232.85,7853.68
TX-1338,2026-01-18,Tecnologia,Direto,Nordeste,Horizonte Tech,Elisa,23903.44,979.7,14511.61
TX-1360,2026-01-19,Comercial,Direto,Sul,Evo Saude,Elisa,22104.75,308.15,12691.08
TX-1340,2026-01-19,Marketing,Parceiros,Sul,Beta Logistica,Diego,12782.73,445.63,9338.44
TX-1330,2026-01-19,Operacoes,Direto,Centro-Oeste,Delta Varejo,Felipe,23743.85,1661.6,15677.38
TX-1328,2026-01-20,Marketing,Direto,Sudeste,Horizonte Tech,Carla,18235.5,1161.26,12129.25
TX-1365,2026-01-22,Comercial,Direto,Centro-Oeste,Beta Logistica,Felipe,24258.87,257.22,13735.87
TX-1362,2026-01-23,Comercial,Digital,Centro-Oeste,Crescer Educacao,Elisa,28469.38,2051.03,14466.61
TX-1341,2026-01-23,Comercial,Direto,Nordeste,Alfa Industria,Carla,25095.91,368.93,13474.35
TX-1327,2026-01-24,Tecnologia,Direto,Centro-Oeste,Foco Energia,Felipe,19550.69,626.03,11511.96
TX-1371,2026-01-24,Comercial,Direto,Centro-Oeste,Horizonte Tech,Elisa,22361.94,1421.6,10892.69
TX-1370,2026-01-25,Tecnologia,Parceiros,Sudeste,Alfa Industria,Felipe,30950.24,541.94,18002.17
TX-1352,2026-01-25,Operacoes,Digital,Sul,Gama Servicos,Bruno,15590.93,161.21,10196.86
TX-1389,2026-02-01,Tecnologia,Digital,Sudeste,Beta Logistica,Diego,22082.5,896.31,12405.71
TX-1414,2026-02-01,Tecnologia,Parceiros,Nordeste,Horizonte Tech,Bruno,21341.46,1426.91,12823.4
TX-1412,2026-02-02,Comercial,Digital,Sudeste,Horizonte Tech,Carla,23988.6,1832.86,12438.06
TX-1410,2026-02-02,Tecnologia,Parceiros,Nordeste,Gama Servicos,Diego,25210.94,1695.4,13605.28
TX-1400,2026-02-03,Marketing,Direto,Sudeste,Delta Varejo,Bruno,13722.12,610.62,9443.87
TX-1385,2026-02-03,Comercial,Direto,Sudeste,Horizonte Tech,Diego,18860.23,1293.15,9905.47
TX-1392,2026-02-03,Tecnologia,Digital,Sudeste,Evo Saude,Elisa,23516.42,1251.94,13292.22
TX-1387,2026-02-04,Marketing,Parceiros,Nordeste,Evo Saude,Diego,17589.74,1196.74,11951.94
TX-1394,2026-02-04,Tecnologia,Parceiros,Sul,Foco Energia,Elisa,21717.23,1474.04,12269.78
TX-1388,2026-02-05,Operacoes,Digital,Sudeste,Delta Varejo,Bruno,17655.49,1360.65,11602.43
TX-1401,2026-02-05,Marketing,Digital,Centro-Oeste,Crescer Educacao,Bruno,21032.37,1538.53,14208.06
TX-1426,2026-02-06,Comercial,Parceiros,Sul,Beta Logistica,Elisa,27595.6,475.54,15068.11
TX-1421,2026-02-06,Comercial,Direto,Nordeste,Evo Saude,Felipe,16971.39,208.84,8847.76
TX-1396,2026-02-06,Comercial,Parceiros,Sudeste,Delta Varejo,Felipe,22234.61,742.75,12326.65
TX-1415,2026-02-06,Comercial,Direto,Sudeste,Gama Servicos,Ana,24752.58,1931.68,13382.97
TX-1403,2026-02-07,Comercial,Digital,Nordeste,Beta Logistica,Carla,29244.97,2109.83,15245.35
TX-1424,2026-02-08,Tecnologia,Direto,Sul,Gama Servicos,Bruno,21005.89,1446.85,13525.82
TX-1378,2026-02-08,Operacoes,Parceiros,Nordeste,Delta Varejo,Felipe,22937.63,1182.25,15416.4
TX-1419,2026-02-09,Comercial,Direto,Nordeste,Alfa Industria,Diego,25489.75,578.79,13722.52
TX-1402,2026-02-09,Marketing,Parceiros,Sudeste,Crescer Educacao,Elisa,11792.06,466.67,8143.09
TX-1406,2026-02-10,Operacoes,Digital,Sudeste,Delta Varejo,Felipe,26922.65,1061.06,17383.52
TX-1408,2026-02-10,Tecnologia,Digital,Nordeste,Alfa Industria,Elisa,26155.53,1161.64,16116.59
TX-1416,2026-02-11,Marketing,Direto,Sul,Evo Saude,Diego,12228.03,552.98,8693.8
TX-1417,2026-02-13,Operacoes,Direto,Nordeste,Gama Servicos,Elisa,14888.18,576.53,9999.33
TX-1422,2026-02-13,Comercial,Digital,Nordeste,Foco Energia,Diego,23405.38,1540.69,11479.43
TX-1391,2026-02-13,Operacoes,Digital,Sudeste,Beta Logistica,Bruno,10388.08,311.28,6642.66
TX-1383,2026-02-13,Comercial,Digital,Sul,Gama Servicos,Ana,21905.29,1676.52,10913.87
TX-1423,2026-02-14,Operacoes,Direto,Sudeste,Evo Saude,Felipe,15444.22,263.12,10897.01
TX-1428,2026-02-14,Operacoes,Parceiros,Centro-Oeste,Crescer Educacao,Diego,13772.4,953.9,8992.93
TX-1409,2026-02-15,Tecnologia,Parceiros,Sul,Crescer Educacao,Diego,24805.64,1024.7,14977.37
TX-1405,2026-02-15,Marketing,Digital,Centro-Oeste,Alfa Industria,Diego,19148.43,1373.2,12349.27
TX-1393,2026-02-16,Tecnologia,Direto,Centro-Oeste,Delta Varejo,Ana,19389.95,329.56,11714.42
TX-1429,2026-02-17,Operacoes,Parceiros,Nordeste,Evo Saude,Ana,28061.08,1247.94,19072.82
TX-1382,2026-02-17,Marketing,Direto,Nordeste,Gama Servicos,Elisa,15636.33,727.87,11245.31
TX-1404,2026-02-18,Tecnologia,Digital,Centro-Oeste,Gama Servicos,Felipe,26487.46,1790.7,15923.92
TX-1418,2026-02-18,Comercial,Direto,Sudeste,Evo Saude,Ana,22127.71,1604.33,11503.3
TX-1427,2026-02-18,Operacoes,Parceiros,Centro-Oeste,Foco Energia,Ana,17311.05,1306.07,11111.28
TX-1399,2026-02-19,Comercial,Digital,Nordeste,Alfa Industria,Carla,22460.81,1190.29,12834.09
TX-1397,2026-02-20,Marketing,Digital,Centro-Oeste,Delta Varejo,Ana,14705.02,275.11,10847.67
TX-1386,2026-02-20,Comercial,Parceiros,Sul,Horizonte Tech,Carla,21972.07,1086.13,11350.49
TX-1381,2026-02-21,Tecnologia,Direto,Sul,Beta Logistica,Ana,20753.55,1373.66,12491.84
TX-1398,2026-02-21,Tecnologia,Digital,Nordeste,Delta Varejo,Elisa,24074.21,1842.8,13556.86
TX-1413,2026-02-22,Comercial,Digital,Centro-Oeste,Gama Servicos,Elisa,28234.22,345.88,15766.64
TX-1395,2026-02-22,Comercial,Parceiros,Sudeste,Foco Energia,Bruno,25711.3,303.94,15371.76
TX-1420,2026-02-22,Comercial,Parceiros,Sul,Gama Servicos,Bruno,25371.18,564.47,14029.18
TX-1379,2026-02-22,Operacoes,Digital,Sudeste,Delta Varejo,Bruno,17652.96,631.56,11930.18
TX-1431,2026-02-22,Operacoes,Parceiros,Sul,Gama Servicos,Diego,20207.43,242.09,14584.22
TX-1411,2026-02-22,Comercial,Parceiros,Sudeste,Foco Energia,Elisa,21548.31,645.84,10998.32
TX-1430,2026-02-23,Comercial,Direto,Sudeste,Alfa Industria,Bruno,27520.14,1683.46,13792.88
TX-1425,2026-02-23,Comercial,Parceiros,Nordeste,Alfa Industria,Bruno,23361.88,813.71,12706.68
TX-1384,2026-02-23,Marketing,Parceiros,Nordeste,Delta Varejo,Felipe,12225.08,577.87,8476.38
TX-1407,2026-02-24,Tecnologia,Direto,Centro-Oeste,Foco Energia,Carla,14403.14,250.84,8966.82
TX-1390,2026-02-24,Tecnologia,Direto,Nordeste,Evo Saude,Bruno,24773.7,547.62,14556.27
TX-1380,2026-02-24,Tecnologia,Direto,Sudeste,Crescer Educacao,Ana,19483.48,883.79,10684.57
TX-1476,2026-03-01,Operacoes,Digital,Sul,Crescer Educacao,Elisa,14346.87,792.66,8982.52
TX-1483,2026-03-01,Tecnologia,Parceiros,Sul,Alfa Industria,Ana,17238.54,321.76,10685.66
TX-1481,2026-03-02,Operacoes,Parceiros,Centro-Oeste,Alfa Industria,Ana,19034.7,594.52,12523.07
TX-1436,2026-03-02,Comercial,Digital,Nordeste,Delta Varejo,Diego,25928.12,681.36,13895.33
TX-1446,2026-03-03,Operacoes,Parceiros,Sul,Beta Logistica,Elisa,16861.66,798.18,10768.07
TX-1461,2026-03-03,Comercial,Parceiros,Centro-Oeste,Delta Varejo,Elisa,24116.91,735.7,13170.69
TX-1482,2026-03-04,Operacoes,Digital,Sul,Beta Logistica,Carla,19808.45,1217.34,12469.66
TX-1443,2026-03-04,Marketing,Digital,Sudeste,Delta Varejo,Felipe,22928.68,1208.81,14501.31
TX-1450,2026-03-04,Tecnologia,Digital,Centro-Oeste,Beta Logistica,Ana,17942.26,486.66,10771.42
TX-1484,2026-03-04,Comercial,Digital,Centro-Oeste,Beta Logistica,Ana,22234.88,708.12,12680.19
TX-1458,2026-03-04,Comercial,Direto,Centro-Oeste,Evo Saude,Felipe,19186.78,1254.06,10345.5
TX-1468,2026-03-05,Operacoes,Direto,Centro-Oeste,Beta Logistica,Diego,13997.82,625.53,8751.4
TX-1479,2026-03-05,Comercial,Digital,Centro-Oeste,Alfa Industria,Carla,20590.57,391.66,11539.22
TX-1438,2026-03-06,Tecnologia,Direto,Nordeste,Alfa Industria,Carla,24589.31,959.23,14802.78
TX-1465,2026-03-06,Marketing,Direto,Sudeste,Evo Saude,Diego,13025.46,693.54,9012.31
TX-1457,2026-03-07,Comercial,Parceiros,Sudeste,Horizonte Tech,Diego,30012.5,439.52,17314.8
TX-1477,2026-03-07,Operacoes,Direto,Sudeste,Gama Servicos,Elisa,18745.41,779.64,12449.84
TX-1469,2026-03-07,Tecnologia,Direto,Sul,Alfa Industria,Carla,24456.77,663.1,14787.2
TX-1474,2026-03-07,Marketing,Direto,Sul,Delta Varejo,Diego,10959.11,466.69,7554.04
TX-1435,2026-03-07,Tecnologia,Parceiros,Sul,Gama Servicos,Bruno,24134.47,1570.81,13726.89
TX-1447,2026-03-07,Marketing,Parceiros,Sudeste,Gama Servicos,Ana,16540.52,986.15,10742.09
TX-1475,2026-03-07,Comercial,Digital,Centro-Oeste,Crescer Educacao,Diego,26819.79,635.08,15213.94
TX-1473,2026-03-08,Comercial,Parceiros,Centro-Oeste,Beta Logistica,Felipe,21626.35,1044.05,11331.26
TX-1472,2026-03-08,Comercial,Digital,Centro-Oeste,Gama Servicos,Diego,26834.6,482.31,14990.0
TX-1470,2026-03-08,Tecnologia,Direto,Nordeste,Horizonte Tech,Ana,17423.8,1066.58,9806.38
TX-1453,2026-03-09,Comercial,Direto,Centro-Oeste,Foco Energia,Felipe,23666.74,647.43,13258.1
TX-1434,2026-03-09,Tecnologia,Parceiros,Centro-Oeste,Foco Energia,Carla,24947.6,1692.66,14082.78
TX-1454,2026-03-09,Comercial,Direto,Centro-Oeste,Crescer Educacao,Ana,27743.6,776.84,15683.06
TX-1460,2026-03-10,Tecnologia,Digital,Nordeste,Evo Saude,Diego,11611.77,722.22,6364.5
TX-1442,2026-03-10,Tecnologia,Direto,Nordeste,Beta Logistica,Bruno,16167.21,189.09,9636.41
TX-1463,2026-03-10,Operacoes,Parceiros,Sudeste,Delta Varejo,Bruno,10931.96,546.06,7028.34
TX-1464,2026-03-10,Marketing,Direto,Sul,Crescer Educacao,Carla,10793.06,393.51,7512.52
TX-1437,2026-03-10,Tecnologia,Direto,Centro-Oeste,Delta Varejo,Diego,20313.96,659.36,12239.18
TX-1466,2026-03-10,Tecnologia,Digital,Sudeste,Horizonte Tech,Bruno,19802.69,1258.08,11350.23
TX-1448,2026-03-11,Operacoes,Parceiros,Sul,Crescer Educacao,Carla,15637.8,801.99,10001.98
TX-1444,2026-03-11,Comercial,Digital,Sul,Beta Logistica,Carla,20240.38,797.59,10940.23
TX-1441,2026-03-11,Tecnologia,Direto,Nordeste,Crescer Educacao,Bruno,22049.39,470.33,14167.98
TX-1439,2026-03-11,Comercial,Direto,Sudeste,Gama Servicos,Diego,27346.26,1339.57,15119.98
TX-1452,2026-03-12,Marketing,Digital,Centro-Oeste,Evo Saude,Bruno,16768.77,1079.38,11397.69
TX-1467,2026-03-12,Operacoes,Parceiros,Sudeste,Gama Servicos,Diego,16700.62,457.72,11244.04
TX-1480,2026-03-13,Marketing,Digital,Nordeste,Gama Servicos,Diego,13062.58,169.91,9031.81
TX-1462,2026-03-15,Comercial,Direto,Sul,Beta Logistica,Carla,26782.91,2045.42,14576.37
TX-1459,2026-03-15,Tecnologia,Digital,Sudeste,Evo Saude,Elisa,20837.77,514.82,12158.37
TX-1455,2026-03-15,Comercial,Direto,Centro-Oeste,Horizonte Tech,Diego,21983.03,1221.31,11605.19
TX-1456,2026-03-16,Operacoes,Digital,Sudeste,Evo Saude,Elisa,21085.73,1258.82,12744.78
TX-1432,2026-03-16,Tecnologia,Direto,Centro-Oeste,Horizonte Tech,Felipe,24449.29,737.06,14256.89
TX-1449,2026-03-18,Tecnologia,Digital,Nordeste,Gama Servicos,Carla,23960.53,1184.12,14084.6
TX-1485,2026-03-18,Operacoes,Parceiros,Sudeste,Gama Servicos,Diego,16491.77,275.96,11506.8
TX-1451,2026-03-21,Comercial,Parceiros,Centro-Oeste,Alfa Industria,Felipe,25530.35,1002.82,13187.35
TX-1478,2026-03-21,Comercial,Direto,Centro-Oeste,Delta Varejo,Ana,22604.65,482.67,12099.15
TX-1471,2026-03-21,Operacoes,Direto,Nordeste,Alfa Industria,Diego,13137.24,965.28,8539.4
TX-1440,2026-03-23,Tecnologia,Direto,Sudeste,Crescer Educacao,Ana,23079.67,633.96,14236.07
TX-1445,2026-03-25,Tecnologia,Parceiros,Centro-Oeste,Delta Varejo,Diego,21384.08,1662.69,11941.11
TX-1433,2026-03-25,Operacoes,Parceiros,Nordeste,Beta Logistica,Bruno,22397.68,568.89,15440.62
TX-1529,2026-04-01,Comercial,Direto,Centro-Oeste,Alfa Industria,Ana,26777.81,1734.13,14628.65
TX-1499,2026-04-01,Operacoes,Direto,Sudeste,Alfa Industria,Ana,13625.7,430.74,8918.17
TX-1535,2026-04-01,Marketing,Direto,Nordeste,Foco Energia,Elisa,8176.0,155.67,5926.64
TX-1528,2026-04-01,Operacoes,Digital,Centro-Oeste,Evo Saude,Diego,19792.1,652.49,13941.42
TX-1500,2026-04-02,Operacoes,Direto,Sul,Beta Logistica,Felipe,16569.95,719.07,11476.85
TX-1524,2026-04-03,Marketing,Parceiros,Sul,Beta Logistica,Carla,18833.39,639.56,13387.19
TX-1488,2026-04-04,Comercial,Digital,Sudeste,Beta Logistica,Diego,25295.46,395.57,12937.99
TX-1502,2026-04-04,Operacoes,Direto,Centro-Oeste,Alfa Industria,Diego,17138.31,751.39,11432.42
TX-1517,2026-04-05,Tecnologia,Parceiros,Sul,Crescer Educacao,Felipe,20691.25,221.58,12409.61
TX-1539,2026-04-05,Tecnologia,Digital,Sudeste,Evo Saude,Carla,22749.14,1056.93,12405.23
TX-1515,2026-04-08,Tecnologia,Digital,Sul,Evo Saude,Elisa,26203.08,1356.02,14738.49
TX-1489,2026-04-08,Comercial,Direto,Nordeste,Gama Servicos,Carla,23819.72,1160.98,13396.27
TX-1536,2026-04-10,Tecnologia,Direto,Nordeste,Foco Energia,Felipe,25957.28,1011.86,14700.09
TX-1511,2026-04-10,Tecnologia,Digital,Nordeste,Beta Logistica,Carla,21086.27,1514.39,12668.97
TX-1530,2026-04-10,Operacoes,Direto,Nordeste,Gama Servicos,Ana,26456.09,1726.76,17108.66
TX-1509,2026-04-11,Operacoes,Digital,Sul,Alfa Industria,Felipe,16111.77,842.67,10202.68
TX-1498,2026-04-11,Marketing,Direto,Centro-Oeste,Delta Varejo,Elisa,18813.17,1467.34,12288.18
TX-1526,2026-04-12,Marketing,Direto,Sul,Alfa Industria,Diego,13499.74,666.02,9695.74
TX-1486,2026-04-12,Marketing,Digital,Sul,Alfa Industria,Ana,13366.65,798.7,8988.81
TX-1512,2026-04-12,Operacoes,Digital,Centro-Oeste,Gama Servicos,Ana,20819.79,359.05,14137.82
TX-1505,2026-04-13,Tecnologia,Digital,Sul,Beta Logistica,Ana,27791.04,1749.18,17227.67
TX-1523,2026-04-13,Comercial,Direto,Centro-Oeste,Foco Energia,Ana,26256.37,689.12,15358.27
TX-1518,2026-04-13,Comercial,Direto,Nordeste,Foco Energia,Felipe,36138.35,2694.74,18323.22
TX-1490,2026-04-14,Tecnologia,Digital,Sul,Horizonte Tech,Elisa,24443.72,508.46,14506.79
TX-1525,2026-04-14,Comercial,Digital,Nordeste,Beta Logistica,Diego,24648.78,1841.27,12301.42
TX-1519,2026-04-14,Marketing,Parceiros,Nordeste,Beta Logistica,Felipe,18322.23,527.61,12928.58
TX-1516,2026-04-14,Operacoes,Direto,Centro-Oeste,Gama Servicos,Ana,20372.16,832.67,13211.65
TX-1514,2026-04-15,Tecnologia,Digital,Sudeste,Foco Energia,Felipe,19456.5,958.08,10662.66
TX-1527,2026-04-15,Comercial,Direto,Centro-Oeste,Beta Logistica,Carla,20874.37,267.82,12200.03
TX-1497,2026-04-15,Marketing,Direto,Sul,Crescer Educacao,Elisa,12374.01,223.21,8546.81
TX-1507,2026-04-15,Comercial,Digital,Nordeste,Delta Varejo,Bruno,27707.09,2094.2,13993.73
TX-1513,2026-04-15,Operacoes,Digital,Sudeste,Alfa Industria,Bruno,18643.84,229.33,13588.44
TX-1534,2026-04-16,Operacoes,Parceiros,Sul,Evo Saude,Felipe,17924.84,1115.45,11391.12
TX-1504,2026-04-16,Tecnologia,Digital,Nordeste,Evo Saude,Diego,18472.82,745.12,10784.5
TX-1521,2026-04-17,Comercial,Direto,Centro-Oeste,Gama Servicos,Elisa,27860.39,1299.4,14485.54
TX-1503,2026-04-17,Comercial,Digital,Nordeste,Alfa Industria,Diego,25619.71,425.19,14454.31
TX-1495,2026-04-17,Tecnologia,Parceiros,Sudeste,Evo Saude,Ana,19417.9,346.58,11949.84
TX-1496,2026-04-18,Comercial,Direto,Nordeste,Horizonte Tech,Felipe,26479.33,792.81,13949.95
TX-1510,2026-04-18,Tecnologia,Direto,Sudeste,Beta Logistica,Carla,17028.88,1295.73,9900.23
TX-1537,2026-04-18,Tecnologia,Parceiros,Sul,Evo Saude,Felipe,33063.4,2205.18,18838.3
TX-1493,2026-04-19,Tecnologia,Digital,Sul,Evo Saude,Elisa,21503.89,637.4,13144.73
TX-1520,2026-04-19,Comercial,Direto,Sudeste,Foco Energia,Carla,21856.02,1636.69,10931.64
TX-1531,2026-04-20,Operacoes,Digital,Sul,Evo Saude,Carla,17377.08,551.29,12336.08
TX-1522,2026-04-20,Tecnologia,Parceiros,Centro-Oeste,Beta Logistica,Diego,22440.67,1019.22,14291.09
TX-1508,2026-04-20,Comercial,Direto,Sul,Alfa Industria,Felipe,20025.94,342.94,11442.07
TX-1501,2026-04-20,Marketing,Direto,Nordeste,Foco Energia,Elisa,15421.25,1190.18,10851.82
TX-1532,2026-04-21,Tecnologia,Digital,Sul,Horizonte Tech,Bruno,24652.65,1200.26,14693.06
TX-1487,2026-04-22,Tecnologia,Digital,Sul,Gama Servicos,Carla,22099.78,1005.68,12678.42
TX-1491,2026-04-23,Operacoes,Direto,Sudeste,Beta Logistica,Ana,21858.24,856.17,14464.21
TX-1538,2026-04-23,Operacoes,Digital,Centro-Oeste,Evo Saude,Felipe,13219.04,1030.93,8513.67
TX-1506,2026-04-24,Marketing,Direto,Sudeste,Alfa Industria,Carla,12385.91,345.76,8604.02
TX-1533,2026-04-24,Tecnologia,Digital,Nordeste,Evo Saude,Elisa,19658.92,1167.09,12165.63
TX-1494,2026-04-25,Operacoes,Digital,Sul,Beta Logistica,Bruno,26069.79,514.37,17460.43
TX-1492,2026-04-25,Comercial,Parceiros,Nordeste,Beta Logistica,Felipe,29211.94,1726.1,15022.77
TX-1592,2026-05-01,Tecnologia,Direto,Sudeste,Evo Saude,Elisa,19156.98,626.22,11276.01
TX-1546,2026-05-01,Comercial,Parceiros,Nordeste,Gama Servicos,Bruno,28484.06,1904.25,14303.7
TX-1583,2026-05-01,Comercial,Direto,Centro-Oeste,Horizonte Tech,Diego,25847.25,1397.59,13266.13
TX-1548,2026-05-02,Operacoes,Digital,Nordeste,Gama Servicos,Diego,19458.67,1209.74,12099.35
TX-1541,2026-05-02,Comercial,Direto,Centro-Oeste,Evo Saude,Bruno,18771.02,403.7,9394.49
TX-1582,2026-05-02,Tecnologia,Direto,Nordeste,Beta Logistica,Bruno,22156.12,245.73,14012.68
TX-1553,2026-05-05,Comercial,Direto,Centro-Oeste,Horizonte Tech,Diego,26241.95,864.04,15188.9
TX-1568,2026-05-05,Operacoes,Digital,Centro-Oeste,Horizonte Tech,Diego,17232.71,1057.98,10735.14
TX-1543,2026-05-06,Tecnologia,Direto,Sudeste,Beta Logistica,Felipe,17466.58,761.64,9495.13
TX-1555,2026-05-07,Tecnologia,Digital,Centro-Oeste,Beta Logistica,Elisa,19621.15,1114.31,11311.38
TX-1585,2026-05-07,Operacoes,Direto,Nordeste,Evo Saude,Ana,30429.62,1941.29,19606.38
TX-1554,2026-05-08,Operacoes,Digital,Nordeste,Evo Saude,Bruno,24584.1,520.73,16320.23
TX-1584,2026-05-08,Comercial,Parceiros,Centro-Oeste,Delta Varejo,Ana,30050.57,430.07,16119.2
TX-1576,2026-05-08,Comercial,Direto,Centro-Oeste,Alfa Industria,Carla,17436.16,573.38,8611.18
TX-1547,2026-05-08,Operacoes,Direto,Sul,Evo Saude,Carla,18715.91,589.43,12940.18
TX-1544,2026-05-08,Marketing,Direto,Sudeste,Gama Servicos,Felipe,19665.32,670.25,14010.38
TX-1581,2026-05-09,Comercial,Parceiros,Nordeste,Delta Varejo,Elisa,24101.43,1189.72,12911.92
TX-1559,2026-05-10,Comercial,Digital,Sul,Evo Saude,Bruno,31151.06,959.86,17805.52
TX-1540,2026-05-10,Tecnologia,Digital,Centro-Oeste,Delta Varejo,Carla,21295.92,374.83,13143.11
TX-1549,2026-05-11,Operacoes,Direto,Sul,Foco Energia,Elisa,22033.7,1455.32,14115.98
TX-1575,2026-05-12,Operacoes,Direto,Sul,Alfa Industria,Felipe,15435.35,525.84,10236.54
TX-1550,2026-05-12,Comercial,Direto,Sul,Alfa Industria,Carla,26854.34,885.25,14211.12
TX-1587,2026-05-12,Operacoes,Direto,Sul,Foco Energia,Elisa,18224.12,782.05,11642.58
TX-1590,2026-05-12,Tecnologia,Parceiros,Sul,Beta Logistica,Carla,23866.58,851.37,14306.86
TX-1573,2026-05-12,Comercial,Direto,Sudeste,Alfa Industria,Elisa,27148.51,1899.17,14286.61
TX-1593,2026-05-12,Tecnologia,Parceiros,Centro-Oeste,Foco Energia,Carla,19123.03,340.51,10788.27
TX-1572,2026-05-12,Tecnologia,Digital,Centro-Oeste,Gama Servicos,Elisa,21221.4,1660.52,12102.49
TX-1556,2026-05-13,Operacoes,Parceiros,Centro-Oeste,Delta Varejo,Carla,17151.07,299.24,11185.84
TX-1552,2026-05-13,Tecnologia,Direto,Sudeste,Beta Logistica,Diego,25210.91,1903.14,14427.31
TX-1578,2026-05-13,Operacoes,Digital,Nordeste,Alfa Industria,Elisa,15009.17,982.65,8757.29
TX-1566,2026-05-13,Operacoes,Direto,Sudeste,Delta Varejo,Elisa,22068.93,683.23,15065.93
TX-1545,2026-05-13,Marketing,Parceiros,Nordeste,Alfa Industria,Felipe,7984.5,367.31,5343.85
TX-1560,2026-05-14,Comercial,Direto,Sudeste,Beta Logistica,Felipe,27762.83,585.72,15268.38
TX-1557,2026-05-15,Comercial,Parceiros,Nordeste,Foco Energia,Bruno,28708.48,722.45,15023.7
TX-1589,2026-05-16,Marketing,Parceiros,Sudeste,Alfa Industria,Bruno,15351.44,940.47,10376.97
TX-1580,2026-05-16,Marketing,Digital,Sudeste,Beta Logistica,Elisa,11445.28,216.91,8446.97
TX-1558,2026-05-17,Comercial,Digital,Sul,Crescer Educacao,Bruno,26988.56,603.25,14302.34
TX-1542,2026-05-19,Tecnologia,Parceiros,Nordeste,Horizonte Tech,Carla,23613.03,737.93,14312.82
TX-1562,2026-05-19,Tecnologia,Direto,Sudeste,Crescer Educacao,Felipe,23889.21,840.79,14879.86
TX-1570,2026-05-19,Operacoes,Digital,Centro-Oeste,Gama Servicos,Felipe,18965.99,1319.51,12292.36
TX-1569,2026-05-19,Marketing,Digital,Centro-Oeste,Evo Saude,Carla,20769.38,1269.4,13880.64
TX-1579,2026-05-19,Marketing,Parceiros,Sudeste,Crescer Educacao,Diego,11082.31,759.45,7739.5
TX-1564,2026-05-20,Comercial,Direto,Nordeste,Crescer Educacao,Carla,22609.68,996.93,11348.81
TX-1563,2026-05-20,Marketing,Digital,Sudeste,Alfa Industria,Elisa,21226.83,1061.47,14494.79
TX-1577,2026-05-20,Tecnologia,Parceiros,Centro-Oeste,Crescer Educacao,Felipe,20308.63,1144.26,11816.38
TX-1586,2026-05-21,Operacoes,Digital,Nordeste,Evo Saude,Diego,17060.21,493.93,12088.2
TX-1591,2026-05-21,Tecnologia,Digital,Sudeste,Horizonte Tech,Elisa,25566.61,401.42,16447.9
TX-1574,2026-05-22,Comercial,Direto,Nordeste,Evo Saude,Elisa,24836.57,786.57,13726.22
TX-1588,2026-05-22,Comercial,Parceiros,Nordeste,Foco Energia,Ana,22379.1,667.09,11747.4
TX-1561,2026-05-23,Marketing,Parceiros,Sudeste,Crescer Educacao,Ana,18225.79,489.06,12661.8
TX-1567,2026-05-23,Comercial,Direto,Sudeste,Foco Energia,Bruno,28054.68,1624.41,15264.37
TX-1565,2026-05-24,Operacoes,Parceiros,Sudeste,Gama Servicos,Diego,19884.01,253.0,14354.09
TX-1571,2026-05-25,Comercial,Direto,Centro-Oeste,Delta Varejo,Diego,31106.15,1959.2,16794.04
TX-1551,2026-05-25,Marketing,Digital,Sul,Crescer Educacao,Ana,15619.24,1196.27,10638.55
TX-1634,2026-06-02,Operacoes,Parceiros,Nordeste,Delta Varejo,Carla,19288.73,907.11,12764.66
TX-1624,2026-06-02,Comercial,Direto,Centro-Oeste,Delta Varejo,Bruno,24186.57,1341.02,13574.69
TX-1618,2026-06-02,Tecnologia,Digital,Centro-Oeste,Delta Varejo,Diego,25733.0,1782.74,14879.45
TX-1609,2026-06-02,Comercial,Parceiros,Sul,Alfa Industria,Diego,21429.87,1192.08,11465.77
TX-1622,2026-06-04,Operacoes,Digital,Nordeste,Crescer Educacao,Elisa,17568.14,896.49,12155.18
TX-1610,2026-06-04,Comercial,Parceiros,Sudeste,Horizonte Tech,Carla,16266.96,244.47,8721.24
TX-1647,2026-06-04,Comercial,Digital,Nordeste,Delta Varejo,Bruno,21444.46,1119.92,11771.22
TX-1627,2026-06-05,Comercial,Parceiros,Nordeste,Evo Saude,Felipe,28559.83,1467.27,13655.44
TX-1620,2026-06-05,Tecnologia,Parceiros,Sul,Delta Varejo,Diego,15450.81,1181.56,8496.18
TX-1635,2026-06-07,Comercial,Digital,Sudeste,Delta Varejo,Diego,23099.92,934.53,12204.41
TX-1628,2026-06-08,Comercial,Digital,Nordeste,Alfa Industria,Felipe,26942.85,1325.07,13599.01
TX-1646,2026-06-08,Comercial,Direto,Nordeste,Crescer Educacao,Carla,21358.06,1236.99,10892.12
TX-1605,2026-06-08,Tecnologia,Direto,Sudeste,Alfa Industria,Diego,18445.76,1403.83,11070.34
TX-1597,2026-06-08,Tecnologia,Digital,Centro-Oeste,Gama Servicos,Elisa,22685.82,532.25,13587.04
TX-1594,2026-06-09,Comercial,Digital,Nordeste,Horizonte Tech,Carla,31926.66,363.92,18051.43
TX-1630,2026-06-09,Tecnologia,Digital,Centro-Oeste,Crescer Educacao,Diego,23803.95,684.39,15118.23
TX-1606,2026-06-09,Marketing,Direto,Nordeste,Beta Logistica,Ana,17938.71,312.5,12728.31
TX-1603,2026-06-09,Operacoes,Digital,Sudeste,Gama Servicos,Bruno,30326.87,501.16,21184.37
TX-1625,2026-06-10,Comercial,Digital,Centro-Oeste,Crescer Educacao,Diego,29705.19,940.93,15904.16
TX-1616,2026-06-11,Comercial,Parceiros,Nordeste,Foco Energia,Diego,28027.96,1842.91,13944.07
TX-1636,2026-06-11,Tecnologia,Digital,Sudeste,Alfa Industria,Elisa,25772.65,1305.67,15229.73
TX-1633,2026-06-11,Tecnologia,Direto,Centro-Oeste,Gama Servicos,Elisa,23411.77,267.5,14367.59
TX-1637,2026-06-12,Comercial,Direto,Sul,Beta Logistica,Diego,25847.44,765.5,14562.64
TX-1599,2026-06-13,Tecnologia,Direto,Sul,Delta Varejo,Diego,27743.02,1027.77,16704.19
TX-1631,2026-06-13,Marketing,Parceiros,Centro-Oeste,Evo Saude,Ana,18764.6,1352.79,12625.13
TX-1617,2026-06-13,Marketing,Direto,Nordeste,Gama Servicos,Ana,16611.48,578.98,11657.56
TX-1644,2026-06-14,Operacoes,Parceiros,Nordeste,Beta Logistica,Elisa,20030.12,466.79,13225.54
TX-1615,2026-06-14,Comercial,Digital,Sudeste,Horizonte Tech,Bruno,28533.76,460.58,16718.82
TX-1614,2026-06-14,Operacoes,Direto,Sul,Evo Saude,Bruno,20757.98,458.04,13842.99
TX-1598,2026-06-14,Tecnologia,Parceiros,Nordeste,Gama Servicos,Ana,27426.72,1834.94,15907.09
TX-1608,2026-06-15,Marketing,Direto,Nordeste,Beta Logistica,Felipe,17478.96,813.33,11579.86
TX-1638,2026-06-16,Comercial,Parceiros,Centro-Oeste,Horizonte Tech,Bruno,24323.54,931.37,13193.36
TX-1632,2026-06-16,Tecnologia,Digital,Centro-Oeste,Foco Energia,Ana,25322.32,1668.49,14569.78
TX-1602,2026-06-16,Tecnologia,Parceiros,Sudeste,Crescer Educacao,Carla,17807.09,813.99,10409.96
TX-1612,2026-06-17,Comercial,Digital,Sul,Crescer Educacao,Felipe,34454.01,1163.73,19514.63
TX-1639,2026-06-18,Marketing,Parceiros,Nordeste,Evo Saude,Felipe,14525.22,947.53,10084.82
TX-1645,2026-06-18,Tecnologia,Direto,Sudeste,Alfa Industria,Elisa,27343.88,490.66,17123.21
TX-1623,2026-06-18,Marketing,Parceiros,Sul,Horizonte Tech,Bruno,17477.88,655.42,12387.15
TX-1595,2026-06-18,Tecnologia,Digital,Centro-Oeste,Delta Varejo,Bruno,22410.82,1772.3,13340.45
TX-1607,2026-06-18,Comercial,Direto,Sul,Alfa Industria,Ana,20552.74,335.53,11118.58
TX-1629,2026-06-18,Operacoes,Parceiros,Centro-Oeste,Horizonte Tech,Elisa,20566.38,952.24,12793.95
TX-1626,2026-06-19,Operacoes,Digital,Nordeste,Gama Servicos,Carla,22203.95,498.91,14427.52
TX-1619,2026-06-19,Comercial,Parceiros,Sudeste,Crescer Educacao,Bruno,22395.42,977.32,12029.58
TX-1604,2026-06-19,Operacoes,Direto,Centro-Oeste,Horizonte Tech,Felipe,18592.95,1333.49,12716.84
TX-1621,2026-06-21,Operacoes,Parceiros,Centro-Oeste,Delta Varejo,Felipe,21881.31,1679.16,14060.43
TX-1596,2026-06-21,Comercial,Digital,Centro-Oeste,Evo Saude,Elisa,22312.75,1028.84,11758.77
TX-1613,2026-06-22,Comercial,Digital,Sudeste,Delta Varejo,Ana,23350.15,534.48,14052.7
TX-1600,2026-06-22,Tecnologia,Digital,Sudeste,Crescer Educacao,Bruno,23939.34,960.81,14893.09
TX-1640,2026-06-23,Operacoes,Digital,Sul,Delta Varejo,Carla,18508.42,1125.36,12002.9
TX-1641,2026-06-23,Operacoes,Digital,Sul,Beta Logistica,Ana,28567.6,553.47,19865.77
TX-1643,2026-06-23,Comercial,Digital,Sudeste,Alfa Industria,Diego,32189.57,783.93,16978.08
TX-1601,2026-06-24,Comercial,Direto,Sudeste,Alfa Industria,Felipe,30596.18,1455.25,15897.72
TX-1611,2026-06-25,Marketing,Direto,Sudeste,Beta Logistica,Ana,17572.67,274.97,12340.82
TX-1642,2026-06-25,Operacoes,Parceiros,Centro-Oeste,Alfa Industria,Ana,22008.06,1507.82,13921.57
